-- phpMyAdmin SQL Dump
-- version 4.8.3
-- https://www.phpmyadmin.net/
--
-- Host: mysql20j13.db.hostpoint.internal
-- Erstellungszeit: 13. Nov 2018 um 06:41
-- Server-Version: 10.1.35-MariaDB
-- PHP-Version: 5.6.37

SET SQL_MODE = "NO_AUTO_VALUE_ON_ZERO";
SET AUTOCOMMIT = 0;
START TRANSACTION;
SET time_zone = "+00:00";


/*!40101 SET @OLD_CHARACTER_SET_CLIENT=@@CHARACTER_SET_CLIENT */;
/*!40101 SET @OLD_CHARACTER_SET_RESULTS=@@CHARACTER_SET_RESULTS */;
/*!40101 SET @OLD_COLLATION_CONNECTION=@@COLLATION_CONNECTION */;
/*!40101 SET NAMES utf8mb4 */;

--
-- Datenbank: `theplan`
--

-- --------------------------------------------------------

--
-- Tabellenstruktur für Tabelle `exercise`
--

CREATE TABLE `exercise` (
  `id` int(11) NOT NULL,
  `name` varchar(45) COLLATE utf8mb4_unicode_ci DEFAULT NULL,
  `description` varchar(255) COLLATE utf8mb4_unicode_ci DEFAULT NULL,
  `user_id` int(11) NOT NULL
) ENGINE=InnoDB DEFAULT CHARSET=utf8mb4 COLLATE=utf8mb4_unicode_ci;

--
-- Daten für Tabelle `exercise`
--

INSERT INTO `exercise` (`id`, `name`, `description`, `user_id`) VALUES
(1, 'Langhantel Bankdrücken', NULL, 5),
(2, 'Kurzhantel Bankdrücken', NULL, 5),
(3, 'Kurzhantel Bankdrücken Schreg', NULL, 4),
(4, 'Langhantel Bankdrücken Schreg', NULL, 4),
(5, 'Butterfly Maschine', NULL, 5),
(6, 'Butterfly Freihantel', NULL, 4),
(7, 'Butterfly Kabelzug', NULL, 5);

-- --------------------------------------------------------

--
-- Tabellenstruktur für Tabelle `plan`
--

CREATE TABLE `plan` (
  `id` int(11) NOT NULL,
  `isPublic` tinyint(4) DEFAULT NULL,
  `exercise_id` int(11) NOT NULL,
  `user_id` int(11) NOT NULL
) ENGINE=InnoDB DEFAULT CHARSET=utf8mb4 COLLATE=utf8mb4_unicode_ci;

-- --------------------------------------------------------

--
-- Tabellenstruktur für Tabelle `session`
--

CREATE TABLE `session` (
  `id` int(11) NOT NULL,
  `date` datetime DEFAULT NULL,
  `user_id` int(11) NOT NULL,
  `name` varchar(100) COLLATE utf8mb4_unicode_ci DEFAULT NULL,
  `motivation` int(11) DEFAULT NULL,
  `kalories` int(11) DEFAULT NULL
) ENGINE=InnoDB DEFAULT CHARSET=utf8mb4 COLLATE=utf8mb4_unicode_ci;

--
-- Daten für Tabelle `session`
--

INSERT INTO `session` (`id`, `date`, `user_id`, `name`, `motivation`, `kalories`) VALUES
(1, '2018-11-11 00:00:00', 5, 'bauch', 7, 123),
(2, '2018-11-11 00:00:00', 5, 'Beinsatz', 4, 321),
(3, '2018-11-11 00:00:00', 5, 'Arm', 3, 1234),
(4, '2018-11-11 00:00:00', 5, 'Ober', NULL, 0),
(5, '2018-11-11 00:00:00', 5, 'Neu', NULL, 0),
(6, '2018-11-11 00:00:00', 5, 'neuername', NULL, 0),
(7, '2018-11-05 12:41:44', 5, 'asdfa', NULL, NULL),
(8, '2018-11-06 12:41:44', 5, NULL, NULL, NULL),
(9, '2018-11-07 12:41:44', 5, NULL, NULL, NULL),
(10, '2018-11-08 12:41:44', 5, NULL, NULL, NULL),
(11, '2018-10-30 12:41:54', 5, NULL, NULL, NULL),
(12, '2018-10-31 12:41:54', 5, NULL, NULL, NULL),
(13, '2018-11-01 12:41:54', 5, NULL, NULL, NULL),
(14, '2018-11-02 12:41:54', 5, NULL, NULL, NULL),
(15, '2018-11-03 12:41:54', 5, NULL, NULL, NULL),
(16, '2018-11-04 12:41:54', 5, NULL, NULL, NULL),
(17, '2018-11-05 12:41:54', 5, NULL, NULL, NULL),
(18, '2018-11-06 12:41:54', 5, NULL, NULL, NULL),
(19, '2018-11-07 12:41:54', 5, NULL, NULL, NULL),
(20, '2018-11-08 12:41:54', 5, NULL, NULL, NULL),
(21, '2018-10-30 12:43:50', 5, NULL, NULL, NULL),
(22, '2018-10-31 12:43:50', 5, NULL, NULL, NULL),
(23, '2018-11-01 12:43:50', 5, NULL, NULL, NULL),
(24, '2018-11-02 12:43:50', 5, NULL, NULL, NULL),
(25, '2018-11-03 12:43:50', 5, NULL, NULL, NULL),
(26, '2018-11-04 12:43:50', 5, NULL, NULL, NULL),
(27, '2018-11-05 12:43:50', 5, NULL, NULL, NULL),
(28, '2018-11-06 12:43:50', 5, NULL, NULL, NULL),
(29, '2018-11-07 12:43:50', 5, NULL, NULL, NULL),
(30, '2018-11-08 12:43:50', 5, NULL, NULL, NULL),
(31, '2018-10-30 12:44:01', 4, NULL, NULL, NULL),
(32, '2018-10-31 12:44:01', 4, NULL, NULL, NULL),
(33, '2018-11-01 12:44:01', 4, NULL, NULL, NULL),
(34, '2018-11-02 12:44:01', 4, NULL, NULL, NULL),
(35, '2018-11-03 12:44:01', 4, NULL, NULL, NULL),
(36, '2018-11-04 12:44:01', 4, NULL, NULL, NULL),
(37, '2018-11-05 12:44:01', 4, NULL, NULL, NULL),
(38, '2018-11-06 12:44:01', 4, NULL, NULL, NULL),
(39, '2018-11-07 12:44:01', 4, NULL, NULL, NULL),
(40, '2018-11-08 12:44:01', 4, NULL, NULL, NULL),
(41, '2018-10-29 01:06:15', 10, NULL, NULL, NULL),
(42, '2018-10-30 01:06:15', 10, NULL, NULL, NULL),
(43, '2018-10-31 01:06:15', 10, NULL, NULL, NULL),
(44, '2018-11-01 01:06:15', 10, NULL, NULL, NULL),
(45, '2018-11-02 01:06:15', 10, NULL, NULL, NULL),
(46, '2018-11-03 01:06:15', 10, NULL, NULL, NULL),
(47, '2018-11-04 01:06:15', 10, NULL, NULL, NULL),
(48, '2018-11-05 01:06:15', 10, NULL, NULL, NULL),
(49, '2018-11-06 01:06:15', 10, NULL, NULL, NULL),
(50, '2018-11-07 01:06:15', 10, NULL, NULL, NULL),
(51, '2018-10-29 01:08:32', 10, NULL, NULL, NULL),
(52, '2018-10-30 01:08:32', 10, NULL, NULL, NULL),
(53, '2018-10-31 01:08:32', 10, NULL, NULL, NULL),
(54, '2018-11-01 01:08:32', 10, NULL, NULL, NULL),
(55, '2018-11-02 01:08:32', 10, NULL, NULL, NULL),
(56, '2018-11-03 01:08:32', 10, NULL, NULL, NULL),
(57, '2018-11-04 01:08:32', 10, NULL, NULL, NULL),
(58, '2018-11-05 01:08:32', 10, NULL, NULL, NULL),
(59, '2018-11-06 01:08:32', 10, NULL, NULL, NULL),
(60, '2018-11-07 01:08:32', 10, NULL, NULL, NULL),
(61, '2018-10-29 01:17:42', 10, NULL, NULL, NULL),
(62, '2018-10-30 01:17:42', 10, NULL, NULL, NULL),
(63, '2018-10-31 01:17:42', 10, NULL, NULL, NULL),
(64, '2018-11-01 01:17:42', 10, NULL, NULL, NULL),
(65, '2018-11-02 01:17:42', 10, NULL, NULL, NULL),
(66, '2018-11-03 01:17:42', 10, NULL, NULL, NULL),
(67, '2018-11-04 01:17:42', 10, NULL, NULL, NULL),
(68, '2018-11-05 01:17:42', 10, NULL, NULL, NULL),
(69, '2018-11-06 01:17:42', 10, NULL, NULL, NULL),
(70, '2018-11-07 01:17:42', 10, NULL, NULL, NULL),
(71, '2018-10-29 01:17:56', 10, NULL, NULL, NULL),
(72, '2018-10-30 01:17:56', 10, NULL, NULL, NULL),
(73, '2018-10-31 01:17:56', 10, NULL, NULL, NULL),
(74, '2018-11-01 01:17:56', 10, NULL, NULL, NULL),
(75, '2018-11-02 01:17:56', 10, NULL, NULL, NULL),
(76, '2018-11-03 01:17:56', 10, NULL, NULL, NULL),
(77, '2018-11-04 01:17:56', 10, NULL, NULL, NULL),
(78, '2018-11-05 01:17:56', 4, 'asdf', NULL, NULL),
(79, '2018-11-06 01:17:56', 10, NULL, NULL, NULL),
(80, '2018-11-07 01:17:56', 10, NULL, NULL, NULL),
(81, '2018-11-11 00:00:00', 5, 'asdf', 2, 123),
(82, '2018-11-11 00:00:00', 5, 'asdf', 2, 123),
(83, '2018-11-11 00:00:00', 5, 'asdf', 2, 123),
(84, '2018-11-11 00:00:00', 5, 'asdf', 2, 123),
(85, '2018-11-11 00:00:00', 5, 'asdf', 2, 123),
(86, '2018-11-11 00:00:00', 5, 'asdf', 2, 123),
(87, '2018-11-11 00:00:00', 5, 'asdf', 2, 123),
(88, '2018-11-11 00:00:00', 5, 'sadfasdfasd', 2, 1233),
(89, '2018-11-11 00:00:00', 5, 'sadfasdfasd', 2, 1233),
(90, '2018-11-11 00:00:00', 5, 'WERTWERT', 3, 1233),
(91, '2018-11-11 00:00:00', 5, 'SabrinaPLan', 9, 1234),
(92, '2018-11-11 00:00:00', 5, 'zu', 7, 200),
(93, '2018-11-11 00:00:00', 5, 'zu', 7, 200);

-- --------------------------------------------------------

--
-- Tabellenstruktur für Tabelle `session_set`
--

CREATE TABLE `session_set` (
  `session_id` int(11) NOT NULL,
  `set_id` int(11) NOT NULL
) ENGINE=InnoDB DEFAULT CHARSET=utf8mb4 COLLATE=utf8mb4_unicode_ci;

--
-- Daten für Tabelle `session_set`
--

INSERT INTO `session_set` (`session_id`, `set_id`) VALUES
(31, 1501),
(31, 1502),
(31, 1503),
(31, 1504),
(31, 1505),
(31, 1506),
(31, 1507),
(31, 1508),
(31, 1509),
(31, 1510),
(31, 1511),
(31, 1512),
(31, 1513),
(31, 1514),
(31, 1515),
(31, 1516),
(31, 1517),
(31, 1518),
(31, 1519),
(31, 1520),
(31, 1521),
(31, 1522),
(31, 1523),
(31, 1524),
(31, 1525),
(31, 1526),
(31, 1527),
(31, 1528),
(31, 1529),
(31, 1530),
(31, 1531),
(31, 1532),
(31, 1533),
(31, 1534),
(31, 1535),
(31, 1536),
(31, 1537),
(31, 1538),
(31, 1539),
(31, 1540),
(31, 1541),
(31, 1542),
(31, 1543),
(31, 1544),
(31, 1545),
(31, 1546),
(31, 1547),
(31, 1548),
(31, 1549),
(31, 1550),
(32, 1551),
(32, 1552),
(32, 1553),
(32, 1554),
(32, 1555),
(32, 1556),
(32, 1557),
(32, 1558),
(32, 1559),
(32, 1560),
(32, 1561),
(32, 1562),
(32, 1563),
(32, 1564),
(32, 1565),
(32, 1566),
(32, 1567),
(32, 1568),
(32, 1569),
(32, 1570),
(32, 1571),
(32, 1572),
(32, 1573),
(32, 1574),
(32, 1575),
(32, 1576),
(32, 1577),
(32, 1578),
(32, 1579),
(32, 1580),
(32, 1581),
(32, 1582),
(32, 1583),
(32, 1584),
(32, 1585),
(32, 1586),
(32, 1587),
(32, 1588),
(32, 1589),
(32, 1590),
(32, 1591),
(32, 1592),
(32, 1593),
(32, 1594),
(32, 1595),
(32, 1596),
(32, 1597),
(32, 1598),
(32, 1599),
(32, 1600),
(33, 1601),
(33, 1602),
(33, 1603),
(33, 1604),
(33, 1605),
(33, 1606),
(33, 1607),
(33, 1608),
(33, 1609),
(33, 1610),
(33, 1611),
(33, 1612),
(33, 1613),
(33, 1614),
(33, 1615),
(33, 1616),
(33, 1617),
(33, 1618),
(33, 1619),
(33, 1620),
(33, 1621),
(33, 1622),
(33, 1623),
(33, 1624),
(33, 1625),
(33, 1626),
(33, 1627),
(33, 1628),
(33, 1629),
(33, 1630),
(33, 1631),
(33, 1632),
(33, 1633),
(33, 1634),
(33, 1635),
(33, 1636),
(33, 1637),
(33, 1638),
(33, 1639),
(33, 1640),
(33, 1641),
(33, 1642),
(33, 1643),
(33, 1644),
(33, 1645),
(33, 1646),
(33, 1647),
(33, 1648),
(33, 1649),
(33, 1650),
(34, 1651),
(34, 1652),
(34, 1653),
(34, 1654),
(34, 1655),
(34, 1656),
(34, 1657),
(34, 1658),
(34, 1659),
(34, 1660),
(34, 1661),
(34, 1662),
(34, 1663),
(34, 1664),
(34, 1665),
(34, 1666),
(34, 1667),
(34, 1668),
(34, 1669),
(34, 1670),
(34, 1671),
(34, 1672),
(34, 1673),
(34, 1674),
(34, 1675),
(34, 1676),
(34, 1677),
(34, 1678),
(34, 1679),
(34, 1680),
(34, 1681),
(34, 1682),
(34, 1683),
(34, 1684),
(34, 1685),
(34, 1686),
(34, 1687),
(34, 1688),
(34, 1689),
(34, 1690),
(34, 1691),
(34, 1692),
(34, 1693),
(34, 1694),
(34, 1695),
(34, 1696),
(34, 1697),
(34, 1698),
(34, 1699),
(34, 1700),
(35, 1701),
(35, 1702),
(35, 1703),
(35, 1704),
(35, 1705),
(35, 1706),
(35, 1707),
(35, 1708),
(35, 1709),
(35, 1710),
(35, 1711),
(35, 1712),
(35, 1713),
(35, 1714),
(35, 1715),
(35, 1716),
(35, 1717),
(35, 1718),
(35, 1719),
(35, 1720),
(35, 1721),
(35, 1722),
(35, 1723),
(35, 1724),
(35, 1725),
(35, 1726),
(35, 1727),
(35, 1728),
(35, 1729),
(35, 1730),
(35, 1731),
(35, 1732),
(35, 1733),
(35, 1734),
(35, 1735),
(35, 1736),
(35, 1737),
(35, 1738),
(35, 1739),
(35, 1740),
(35, 1741),
(35, 1742),
(35, 1743),
(35, 1744),
(35, 1745),
(35, 1746),
(35, 1747),
(35, 1748),
(35, 1749),
(35, 1750),
(36, 1751),
(36, 1752),
(36, 1753),
(36, 1754),
(36, 1755),
(36, 1756),
(36, 1757),
(36, 1758),
(36, 1759),
(36, 1760),
(36, 1761),
(36, 1762),
(36, 1763),
(36, 1764),
(36, 1765),
(36, 1766),
(36, 1767),
(36, 1768),
(36, 1769),
(36, 1770),
(36, 1771),
(36, 1772),
(36, 1773),
(36, 1774),
(36, 1775),
(36, 1776),
(36, 1777),
(36, 1778),
(36, 1779),
(36, 1780),
(36, 1781),
(36, 1782),
(36, 1783),
(36, 1784),
(36, 1785),
(36, 1786),
(36, 1787),
(36, 1788),
(36, 1789),
(36, 1790),
(36, 1791),
(36, 1792),
(36, 1793),
(36, 1794),
(36, 1795),
(36, 1796),
(36, 1797),
(36, 1798),
(36, 1799),
(36, 1800),
(37, 1801),
(37, 1802),
(37, 1803),
(37, 1804),
(37, 1805),
(37, 1806),
(37, 1807),
(37, 1808),
(37, 1809),
(37, 1810),
(37, 1811),
(37, 1812),
(37, 1813),
(37, 1814),
(37, 1815),
(37, 1816),
(37, 1817),
(37, 1818),
(37, 1819),
(37, 1820),
(37, 1821),
(37, 1822),
(37, 1823),
(37, 1824),
(37, 1825),
(37, 1826),
(37, 1827),
(37, 1828),
(37, 1829),
(37, 1830),
(37, 1831),
(37, 1832),
(37, 1833),
(37, 1834),
(37, 1835),
(37, 1836),
(37, 1837),
(37, 1838),
(37, 1839),
(37, 1840),
(37, 1841),
(37, 1842),
(37, 1843),
(37, 1844),
(37, 1845),
(37, 1846),
(37, 1847),
(37, 1848),
(37, 1849),
(37, 1850),
(38, 1851),
(38, 1852),
(38, 1853),
(38, 1854),
(38, 1855),
(38, 1856),
(38, 1857),
(38, 1858),
(38, 1859),
(38, 1860),
(38, 1861),
(38, 1862),
(38, 1863),
(38, 1864),
(38, 1865),
(38, 1866),
(38, 1867),
(38, 1868),
(38, 1869),
(38, 1870),
(38, 1871),
(38, 1872),
(38, 1873),
(38, 1874),
(38, 1875),
(38, 1876),
(38, 1877),
(38, 1878),
(38, 1879),
(38, 1880),
(38, 1881),
(38, 1882),
(38, 1883),
(38, 1884),
(38, 1885),
(38, 1886),
(38, 1887),
(38, 1888),
(38, 1889),
(38, 1890),
(38, 1891),
(38, 1892),
(38, 1893),
(38, 1894),
(38, 1895),
(38, 1896),
(38, 1897),
(38, 1898),
(38, 1899),
(38, 1900),
(39, 1901),
(39, 1902),
(39, 1903),
(39, 1904),
(39, 1905),
(39, 1906),
(39, 1907),
(39, 1908),
(39, 1909),
(39, 1910),
(39, 1911),
(39, 1912),
(39, 1913),
(39, 1914),
(39, 1915),
(39, 1916),
(39, 1917),
(39, 1918),
(39, 1919),
(39, 1920),
(39, 1921),
(39, 1922),
(39, 1923),
(39, 1924),
(39, 1925),
(39, 1926),
(39, 1927),
(39, 1928),
(39, 1929),
(39, 1930),
(39, 1931),
(39, 1932),
(39, 1933),
(39, 1934),
(39, 1935),
(39, 1936),
(39, 1937),
(39, 1938),
(39, 1939),
(39, 1940),
(39, 1941),
(39, 1942),
(39, 1943),
(39, 1944),
(39, 1945),
(39, 1946),
(39, 1947),
(39, 1948),
(39, 1949),
(39, 1950),
(40, 1951),
(40, 1952),
(40, 1953),
(40, 1954),
(40, 1955),
(40, 1956),
(40, 1957),
(40, 1958),
(40, 1959),
(40, 1960),
(40, 1961),
(40, 1962),
(40, 1963),
(40, 1964),
(40, 1965),
(40, 1966),
(40, 1967),
(40, 1968),
(40, 1969),
(40, 1970),
(40, 1971),
(40, 1972),
(40, 1973),
(40, 1974),
(40, 1975),
(40, 1976),
(40, 1977),
(40, 1978),
(40, 1979),
(40, 1980),
(40, 1981),
(40, 1982),
(40, 1983),
(40, 1984),
(40, 1985),
(40, 1986),
(40, 1987),
(40, 1988),
(40, 1989),
(40, 1990),
(40, 1991),
(40, 1992),
(40, 1993),
(40, 1994),
(40, 1995),
(40, 1996),
(40, 1997),
(40, 1998),
(40, 1999),
(40, 2000),
(31, 1501),
(31, 1502),
(31, 1503),
(31, 1504),
(31, 1505),
(31, 1506),
(31, 1507),
(31, 1508),
(31, 1509),
(31, 1510),
(31, 1511),
(31, 1512),
(31, 1513),
(31, 1514),
(31, 1515),
(31, 1516),
(31, 1517),
(31, 1518),
(31, 1519),
(31, 1520),
(31, 1521),
(31, 1522),
(31, 1523),
(31, 1524),
(31, 1525),
(31, 1526),
(31, 1527),
(31, 1528),
(31, 1529),
(31, 1530),
(31, 1531),
(31, 1532),
(31, 1533),
(31, 1534),
(31, 1535),
(31, 1536),
(31, 1537),
(31, 1538),
(31, 1539),
(31, 1540),
(31, 1541),
(31, 1542),
(31, 1543),
(31, 1544),
(31, 1545),
(31, 1546),
(31, 1547),
(31, 1548),
(31, 1549),
(31, 1550),
(32, 1551),
(32, 1552),
(32, 1553),
(32, 1554),
(32, 1555),
(32, 1556),
(32, 1557),
(32, 1558),
(32, 1559),
(32, 1560),
(32, 1561),
(32, 1562),
(32, 1563),
(32, 1564),
(32, 1565),
(32, 1566),
(32, 1567),
(32, 1568),
(32, 1569),
(32, 1570),
(32, 1571),
(32, 1572),
(32, 1573),
(32, 1574),
(32, 1575),
(32, 1576),
(32, 1577),
(32, 1578),
(32, 1579),
(32, 1580),
(32, 1581),
(32, 1582),
(32, 1583),
(32, 1584),
(32, 1585),
(32, 1586),
(32, 1587),
(32, 1588),
(32, 1589),
(32, 1590),
(32, 1591),
(32, 1592),
(32, 1593),
(32, 1594),
(32, 1595),
(32, 1596),
(32, 1597),
(32, 1598),
(32, 1599),
(32, 1600),
(33, 1601),
(33, 1602),
(33, 1603),
(33, 1604),
(33, 1605),
(33, 1606),
(33, 1607),
(33, 1608),
(33, 1609),
(33, 1610),
(33, 1611),
(33, 1612),
(33, 1613),
(33, 1614),
(33, 1615),
(33, 1616),
(33, 1617),
(33, 1618),
(33, 1619),
(33, 1620),
(33, 1621),
(33, 1622),
(33, 1623),
(33, 1624),
(33, 1625),
(33, 1626),
(33, 1627),
(33, 1628),
(33, 1629),
(33, 1630),
(33, 1631),
(33, 1632),
(33, 1633),
(33, 1634),
(33, 1635),
(33, 1636),
(33, 1637),
(33, 1638),
(33, 1639),
(33, 1640),
(33, 1641),
(33, 1642),
(33, 1643),
(33, 1644),
(33, 1645),
(33, 1646),
(33, 1647),
(33, 1648),
(33, 1649),
(33, 1650),
(34, 1651),
(34, 1652),
(34, 1653),
(34, 1654),
(34, 1655),
(34, 1656),
(34, 1657),
(34, 1658),
(34, 1659),
(34, 1660),
(34, 1661),
(34, 1662),
(34, 1663),
(34, 1664),
(34, 1665),
(34, 1666),
(34, 1667),
(34, 1668),
(34, 1669),
(34, 1670),
(34, 1671),
(34, 1672),
(34, 1673),
(34, 1674),
(34, 1675),
(34, 1676),
(34, 1677),
(34, 1678),
(34, 1679),
(34, 1680),
(34, 1681),
(34, 1682),
(34, 1683),
(34, 1684),
(34, 1685),
(34, 1686),
(34, 1687),
(34, 1688),
(34, 1689),
(34, 1690),
(34, 1691),
(34, 1692),
(34, 1693),
(34, 1694),
(34, 1695),
(34, 1696),
(34, 1697),
(34, 1698),
(34, 1699),
(34, 1700),
(35, 1701),
(35, 1702),
(35, 1703),
(35, 1704),
(35, 1705),
(35, 1706),
(35, 1707),
(35, 1708),
(35, 1709),
(35, 1710),
(35, 1711),
(35, 1712),
(35, 1713),
(35, 1714),
(35, 1715),
(35, 1716),
(35, 1717),
(35, 1718),
(35, 1719),
(35, 1720),
(35, 1721),
(35, 1722),
(35, 1723),
(35, 1724),
(35, 1725),
(35, 1726),
(35, 1727),
(35, 1728),
(35, 1729),
(35, 1730),
(35, 1731),
(35, 1732),
(35, 1733),
(35, 1734),
(35, 1735),
(35, 1736),
(35, 1737),
(35, 1738),
(35, 1739),
(35, 1740),
(35, 1741),
(35, 1742),
(35, 1743),
(35, 1744),
(35, 1745),
(35, 1746),
(35, 1747),
(35, 1748),
(35, 1749),
(35, 1750),
(36, 1751),
(36, 1752),
(36, 1753),
(36, 1754),
(36, 1755),
(36, 1756),
(36, 1757),
(36, 1758),
(36, 1759),
(36, 1760),
(36, 1761),
(36, 1762),
(36, 1763),
(36, 1764),
(36, 1765),
(36, 1766),
(36, 1767),
(36, 1768),
(36, 1769),
(36, 1770),
(36, 1771),
(36, 1772),
(36, 1773),
(36, 1774),
(36, 1775),
(36, 1776),
(36, 1777),
(36, 1778),
(36, 1779),
(36, 1780),
(36, 1781),
(36, 1782),
(36, 1783),
(36, 1784),
(36, 1785),
(36, 1786),
(36, 1787),
(36, 1788),
(36, 1789),
(36, 1790),
(36, 1791),
(36, 1792),
(36, 1793),
(36, 1794),
(36, 1795),
(36, 1796),
(36, 1797),
(36, 1798),
(36, 1799),
(36, 1800),
(37, 1801),
(37, 1802),
(37, 1803),
(37, 1804),
(37, 1805),
(37, 1806),
(37, 1807),
(37, 1808),
(37, 1809),
(37, 1810),
(37, 1811),
(37, 1812),
(37, 1813),
(37, 1814),
(37, 1815),
(37, 1816),
(37, 1817),
(37, 1818),
(37, 1819),
(37, 1820),
(37, 1821),
(37, 1822),
(37, 1823),
(37, 1824),
(37, 1825),
(37, 1826),
(37, 1827),
(37, 1828),
(37, 1829),
(37, 1830),
(37, 1831),
(37, 1832),
(37, 1833),
(37, 1834),
(37, 1835),
(37, 1836),
(37, 1837),
(37, 1838),
(37, 1839),
(37, 1840),
(37, 1841),
(37, 1842),
(37, 1843),
(37, 1844),
(37, 1845),
(37, 1846),
(37, 1847),
(37, 1848),
(37, 1849),
(37, 1850),
(38, 1851),
(38, 1852),
(38, 1853),
(38, 1854),
(38, 1855),
(38, 1856),
(38, 1857),
(38, 1858),
(38, 1859),
(38, 1860),
(38, 1861),
(38, 1862),
(38, 1863),
(38, 1864),
(38, 1865),
(38, 1866),
(38, 1867),
(38, 1868),
(38, 1869),
(38, 1870),
(38, 1871),
(38, 1872),
(38, 1873),
(38, 1874),
(38, 1875),
(38, 1876),
(38, 1877),
(38, 1878),
(38, 1879),
(38, 1880),
(38, 1881),
(38, 1882),
(38, 1883),
(38, 1884),
(38, 1885),
(38, 1886),
(38, 1887),
(38, 1888),
(38, 1889),
(38, 1890),
(38, 1891),
(38, 1892),
(38, 1893),
(38, 1894),
(38, 1895),
(38, 1896),
(38, 1897),
(38, 1898),
(38, 1899),
(38, 1900),
(39, 1901),
(39, 1902),
(39, 1903),
(39, 1904),
(39, 1905),
(39, 1906),
(39, 1907),
(39, 1908),
(39, 1909),
(39, 1910),
(39, 1911),
(39, 1912),
(39, 1913),
(39, 1914),
(39, 1915),
(39, 1916),
(39, 1917),
(39, 1918),
(39, 1919),
(39, 1920),
(39, 1921),
(39, 1922),
(39, 1923),
(39, 1924),
(39, 1925),
(39, 1926),
(39, 1927),
(39, 1928),
(39, 1929),
(39, 1930),
(39, 1931),
(39, 1932),
(39, 1933),
(39, 1934),
(39, 1935),
(39, 1936),
(39, 1937),
(39, 1938),
(39, 1939),
(39, 1940),
(39, 1941),
(39, 1942),
(39, 1943),
(39, 1944),
(39, 1945),
(39, 1946),
(39, 1947),
(39, 1948),
(39, 1949),
(39, 1950),
(40, 1951),
(40, 1952),
(40, 1953),
(40, 1954),
(40, 1955),
(40, 1956),
(40, 1957),
(40, 1958),
(40, 1959),
(40, 1960),
(40, 1961),
(40, 1962),
(40, 1963),
(40, 1964),
(40, 1965),
(40, 1966),
(40, 1967),
(40, 1968),
(40, 1969),
(40, 1970),
(40, 1971),
(40, 1972),
(40, 1973),
(40, 1974),
(40, 1975),
(40, 1976),
(40, 1977),
(40, 1978),
(40, 1979),
(40, 1980),
(40, 1981),
(40, 1982),
(40, 1983),
(40, 1984),
(40, 1985),
(40, 1986),
(40, 1987),
(40, 1988),
(40, 1989),
(40, 1990),
(40, 1991),
(40, 1992),
(40, 1993),
(40, 1994),
(40, 1995),
(40, 1996),
(40, 1997),
(40, 1998),
(40, 1999),
(40, 2000),
(31, 1501),
(31, 1502),
(31, 1503),
(31, 1504),
(31, 1505),
(31, 1506),
(31, 1507),
(31, 1508),
(31, 1509),
(31, 1510),
(31, 1511),
(31, 1512),
(31, 1513),
(31, 1514),
(31, 1515),
(31, 1516),
(31, 1517),
(31, 1518),
(31, 1519),
(31, 1520),
(31, 1521),
(31, 1522),
(31, 1523),
(31, 1524),
(31, 1525),
(31, 1526),
(31, 1527),
(31, 1528),
(31, 1529),
(31, 1530),
(31, 1531),
(31, 1532),
(31, 1533),
(31, 1534),
(31, 1535),
(31, 1536),
(31, 1537),
(31, 1538),
(31, 1539),
(31, 1540),
(31, 1541),
(31, 1542),
(31, 1543),
(31, 1544),
(31, 1545),
(31, 1546),
(31, 1547),
(31, 1548),
(31, 1549),
(31, 1550),
(32, 1551),
(32, 1552),
(32, 1553),
(32, 1554),
(32, 1555),
(32, 1556),
(32, 1557),
(32, 1558),
(32, 1559),
(32, 1560),
(32, 1561),
(32, 1562),
(32, 1563),
(32, 1564),
(32, 1565),
(32, 1566),
(32, 1567),
(32, 1568),
(32, 1569),
(32, 1570),
(32, 1571),
(32, 1572),
(32, 1573),
(32, 1574),
(32, 1575),
(32, 1576),
(32, 1577),
(32, 1578),
(32, 1579),
(32, 1580),
(32, 1581),
(32, 1582),
(32, 1583),
(32, 1584),
(32, 1585),
(32, 1586),
(32, 1587),
(32, 1588),
(32, 1589),
(32, 1590),
(32, 1591),
(32, 1592),
(32, 1593),
(32, 1594),
(32, 1595),
(32, 1596),
(32, 1597),
(32, 1598),
(32, 1599),
(32, 1600),
(33, 1601),
(33, 1602),
(33, 1603),
(33, 1604),
(33, 1605),
(33, 1606),
(33, 1607),
(33, 1608),
(33, 1609),
(33, 1610),
(33, 1611),
(33, 1612),
(33, 1613),
(33, 1614),
(33, 1615),
(33, 1616),
(33, 1617),
(33, 1618),
(33, 1619),
(33, 1620),
(33, 1621),
(33, 1622),
(33, 1623),
(33, 1624),
(33, 1625),
(33, 1626),
(33, 1627),
(33, 1628),
(33, 1629),
(33, 1630),
(33, 1631),
(33, 1632),
(33, 1633),
(33, 1634),
(33, 1635),
(33, 1636),
(33, 1637),
(33, 1638),
(33, 1639),
(33, 1640),
(33, 1641),
(33, 1642),
(33, 1643),
(33, 1644),
(33, 1645),
(33, 1646),
(33, 1647),
(33, 1648),
(33, 1649),
(33, 1650),
(34, 1651),
(34, 1652),
(34, 1653),
(34, 1654),
(34, 1655),
(34, 1656),
(34, 1657),
(34, 1658),
(34, 1659),
(34, 1660),
(34, 1661),
(34, 1662),
(34, 1663),
(34, 1664),
(34, 1665),
(34, 1666),
(34, 1667),
(34, 1668),
(34, 1669),
(34, 1670),
(34, 1671),
(34, 1672),
(34, 1673),
(34, 1674),
(34, 1675),
(34, 1676),
(34, 1677),
(34, 1678),
(34, 1679),
(34, 1680),
(34, 1681),
(34, 1682),
(34, 1683),
(34, 1684),
(34, 1685),
(34, 1686),
(34, 1687),
(34, 1688),
(34, 1689),
(34, 1690),
(34, 1691),
(34, 1692),
(34, 1693),
(34, 1694),
(34, 1695),
(34, 1696),
(34, 1697),
(34, 1698),
(34, 1699),
(34, 1700),
(35, 1701),
(35, 1702),
(35, 1703),
(35, 1704),
(35, 1705),
(35, 1706),
(35, 1707),
(35, 1708),
(35, 1709),
(35, 1710),
(35, 1711),
(35, 1712),
(35, 1713),
(35, 1714),
(35, 1715),
(35, 1716),
(35, 1717),
(35, 1718),
(35, 1719),
(35, 1720),
(35, 1721),
(35, 1722),
(35, 1723),
(35, 1724),
(35, 1725),
(35, 1726),
(35, 1727),
(35, 1728),
(35, 1729),
(35, 1730),
(35, 1731),
(35, 1732),
(35, 1733),
(35, 1734),
(35, 1735),
(35, 1736),
(35, 1737),
(35, 1738),
(35, 1739),
(35, 1740),
(35, 1741),
(35, 1742),
(35, 1743),
(35, 1744),
(35, 1745),
(35, 1746),
(35, 1747),
(35, 1748),
(35, 1749),
(35, 1750),
(36, 1751),
(36, 1752),
(36, 1753),
(36, 1754),
(36, 1755),
(36, 1756),
(36, 1757),
(36, 1758),
(36, 1759),
(36, 1760),
(36, 1761),
(36, 1762),
(36, 1763),
(36, 1764),
(36, 1765),
(36, 1766),
(36, 1767),
(36, 1768),
(36, 1769),
(36, 1770),
(36, 1771),
(36, 1772),
(36, 1773),
(36, 1774),
(36, 1775),
(36, 1776),
(36, 1777),
(36, 1778),
(36, 1779),
(36, 1780),
(36, 1781),
(36, 1782),
(36, 1783),
(36, 1784),
(36, 1785),
(36, 1786),
(36, 1787),
(36, 1788),
(36, 1789),
(36, 1790),
(36, 1791),
(36, 1792),
(36, 1793),
(36, 1794),
(36, 1795),
(36, 1796),
(36, 1797),
(36, 1798),
(36, 1799),
(36, 1800),
(37, 1801),
(37, 1802),
(37, 1803),
(37, 1804),
(37, 1805),
(37, 1806),
(37, 1807),
(37, 1808),
(37, 1809),
(37, 1810),
(37, 1811),
(37, 1812),
(37, 1813),
(37, 1814),
(37, 1815),
(37, 1816),
(37, 1817),
(37, 1818),
(37, 1819),
(37, 1820),
(37, 1821),
(37, 1822),
(37, 1823),
(37, 1824),
(37, 1825),
(37, 1826),
(37, 1827),
(37, 1828),
(37, 1829),
(37, 1830),
(37, 1831),
(37, 1832),
(37, 1833),
(37, 1834),
(37, 1835),
(37, 1836),
(37, 1837),
(37, 1838),
(37, 1839),
(37, 1840),
(37, 1841),
(37, 1842),
(37, 1843),
(37, 1844),
(37, 1845),
(37, 1846),
(37, 1847),
(37, 1848),
(37, 1849),
(37, 1850),
(38, 1851),
(38, 1852),
(38, 1853),
(38, 1854),
(38, 1855),
(38, 1856),
(38, 1857),
(38, 1858),
(38, 1859),
(38, 1860),
(38, 1861),
(38, 1862),
(38, 1863),
(38, 1864),
(38, 1865),
(38, 1866),
(38, 1867),
(38, 1868),
(38, 1869),
(38, 1870),
(38, 1871),
(38, 1872),
(38, 1873),
(38, 1874),
(38, 1875),
(38, 1876),
(38, 1877),
(38, 1878),
(38, 1879),
(38, 1880),
(38, 1881),
(38, 1882),
(38, 1883),
(38, 1884),
(38, 1885),
(38, 1886),
(38, 1887),
(38, 1888),
(38, 1889),
(38, 1890),
(38, 1891),
(38, 1892),
(38, 1893),
(38, 1894),
(38, 1895),
(38, 1896),
(38, 1897),
(38, 1898),
(38, 1899),
(38, 1900),
(39, 1901),
(39, 1902),
(39, 1903),
(39, 1904),
(39, 1905),
(39, 1906),
(39, 1907),
(39, 1908),
(39, 1909),
(39, 1910),
(39, 1911),
(39, 1912),
(39, 1913),
(39, 1914),
(39, 1915),
(39, 1916),
(39, 1917),
(39, 1918),
(39, 1919),
(39, 1920),
(39, 1921),
(39, 1922),
(39, 1923),
(39, 1924),
(39, 1925),
(39, 1926),
(39, 1927),
(39, 1928),
(39, 1929),
(39, 1930),
(39, 1931),
(39, 1932),
(39, 1933),
(39, 1934),
(39, 1935),
(39, 1936),
(39, 1937),
(39, 1938),
(39, 1939),
(39, 1940),
(39, 1941),
(39, 1942),
(39, 1943),
(39, 1944),
(39, 1945),
(39, 1946),
(39, 1947),
(39, 1948),
(39, 1949),
(39, 1950),
(40, 1951),
(40, 1952),
(40, 1953),
(40, 1954),
(40, 1955),
(40, 1956),
(40, 1957),
(40, 1958),
(40, 1959),
(40, 1960),
(40, 1961),
(40, 1962),
(40, 1963),
(40, 1964),
(40, 1965),
(40, 1966),
(40, 1967),
(40, 1968),
(40, 1969),
(40, 1970),
(40, 1971),
(40, 1972),
(40, 1973),
(40, 1974),
(40, 1975),
(40, 1976),
(40, 1977),
(40, 1978),
(40, 1979),
(40, 1980),
(40, 1981),
(40, 1982),
(40, 1983),
(40, 1984),
(40, 1985),
(40, 1986),
(40, 1987),
(40, 1988),
(40, 1989),
(40, 1990),
(40, 1991),
(40, 1992),
(40, 1993),
(40, 1994),
(40, 1995),
(40, 1996),
(40, 1997),
(40, 1998),
(40, 1999),
(40, 2000),
(31, 1501),
(31, 1502),
(31, 1503),
(31, 1504),
(31, 1505),
(31, 1506),
(31, 1507),
(31, 1508),
(31, 1509),
(31, 1510),
(31, 1511),
(31, 1512),
(31, 1513),
(31, 1514),
(31, 1515),
(31, 1516),
(31, 1517),
(31, 1518),
(31, 1519),
(31, 1520),
(31, 1521),
(31, 1522),
(31, 1523),
(31, 1524),
(31, 1525),
(31, 1526),
(31, 1527),
(31, 1528),
(31, 1529),
(31, 1530),
(31, 1531),
(31, 1532),
(31, 1533),
(31, 1534),
(31, 1535),
(31, 1536),
(31, 1537),
(31, 1538),
(31, 1539),
(31, 1540),
(31, 1541),
(31, 1542),
(31, 1543),
(31, 1544),
(31, 1545),
(31, 1546),
(31, 1547),
(31, 1548),
(31, 1549),
(31, 1550),
(32, 1551),
(32, 1552),
(32, 1553),
(32, 1554),
(32, 1555),
(32, 1556),
(32, 1557),
(32, 1558),
(32, 1559),
(32, 1560),
(32, 1561),
(32, 1562),
(32, 1563),
(32, 1564),
(32, 1565),
(32, 1566),
(32, 1567),
(32, 1568),
(32, 1569),
(32, 1570),
(32, 1571),
(32, 1572),
(32, 1573),
(32, 1574),
(32, 1575),
(32, 1576),
(32, 1577),
(32, 1578),
(32, 1579),
(32, 1580),
(32, 1581),
(32, 1582),
(32, 1583),
(32, 1584),
(32, 1585),
(32, 1586),
(32, 1587),
(32, 1588),
(32, 1589),
(32, 1590),
(32, 1591),
(32, 1592),
(32, 1593),
(32, 1594),
(32, 1595),
(32, 1596),
(32, 1597),
(32, 1598),
(32, 1599),
(32, 1600),
(33, 1601),
(33, 1602),
(33, 1603),
(33, 1604),
(33, 1605),
(33, 1606),
(33, 1607),
(33, 1608),
(33, 1609),
(33, 1610),
(33, 1611),
(33, 1612),
(33, 1613),
(33, 1614),
(33, 1615),
(33, 1616),
(33, 1617),
(33, 1618),
(33, 1619),
(33, 1620),
(33, 1621),
(33, 1622),
(33, 1623),
(33, 1624),
(33, 1625),
(33, 1626),
(33, 1627),
(33, 1628),
(33, 1629),
(33, 1630),
(33, 1631),
(33, 1632),
(33, 1633),
(33, 1634),
(33, 1635),
(33, 1636),
(33, 1637),
(33, 1638),
(33, 1639),
(33, 1640),
(33, 1641),
(33, 1642),
(33, 1643),
(33, 1644),
(33, 1645),
(33, 1646),
(33, 1647),
(33, 1648),
(33, 1649),
(33, 1650),
(34, 1651),
(34, 1652),
(34, 1653),
(34, 1654),
(34, 1655),
(34, 1656),
(34, 1657),
(34, 1658),
(34, 1659),
(34, 1660),
(34, 1661),
(34, 1662),
(34, 1663),
(34, 1664),
(34, 1665),
(34, 1666),
(34, 1667),
(34, 1668),
(34, 1669),
(34, 1670),
(34, 1671),
(34, 1672),
(34, 1673),
(34, 1674),
(34, 1675),
(34, 1676),
(34, 1677),
(34, 1678),
(34, 1679),
(34, 1680),
(34, 1681),
(34, 1682),
(34, 1683),
(34, 1684),
(34, 1685),
(34, 1686),
(34, 1687),
(34, 1688),
(34, 1689),
(34, 1690),
(34, 1691),
(34, 1692),
(34, 1693),
(34, 1694),
(34, 1695),
(34, 1696),
(34, 1697),
(34, 1698),
(34, 1699),
(34, 1700),
(35, 1701),
(35, 1702),
(35, 1703),
(35, 1704),
(35, 1705),
(35, 1706),
(35, 1707),
(35, 1708),
(35, 1709),
(35, 1710),
(35, 1711),
(35, 1712),
(35, 1713),
(35, 1714),
(35, 1715),
(35, 1716),
(35, 1717),
(35, 1718),
(35, 1719),
(35, 1720),
(35, 1721),
(35, 1722),
(35, 1723),
(35, 1724),
(35, 1725),
(35, 1726),
(35, 1727),
(35, 1728),
(35, 1729),
(35, 1730),
(35, 1731),
(35, 1732),
(35, 1733),
(35, 1734),
(35, 1735),
(35, 1736),
(35, 1737),
(35, 1738),
(35, 1739),
(35, 1740),
(35, 1741),
(35, 1742),
(35, 1743),
(35, 1744),
(35, 1745),
(35, 1746),
(35, 1747),
(35, 1748),
(35, 1749),
(35, 1750),
(36, 1751),
(36, 1752),
(36, 1753),
(36, 1754),
(36, 1755),
(36, 1756),
(36, 1757),
(36, 1758),
(36, 1759),
(36, 1760),
(36, 1761),
(36, 1762),
(36, 1763),
(36, 1764),
(36, 1765),
(36, 1766),
(36, 1767),
(36, 1768),
(36, 1769),
(36, 1770),
(36, 1771),
(36, 1772),
(36, 1773),
(36, 1774),
(36, 1775),
(36, 1776),
(36, 1777),
(36, 1778),
(36, 1779),
(36, 1780),
(36, 1781),
(36, 1782),
(36, 1783),
(36, 1784),
(36, 1785),
(36, 1786),
(36, 1787),
(36, 1788),
(36, 1789),
(36, 1790),
(36, 1791),
(36, 1792),
(36, 1793),
(36, 1794),
(36, 1795),
(36, 1796),
(36, 1797),
(36, 1798),
(36, 1799),
(36, 1800),
(37, 1801),
(37, 1802),
(37, 1803),
(37, 1804),
(37, 1805),
(37, 1806),
(37, 1807),
(37, 1808),
(37, 1809),
(37, 1810),
(37, 1811),
(37, 1812),
(37, 1813),
(37, 1814),
(37, 1815),
(37, 1816),
(37, 1817),
(37, 1818),
(37, 1819),
(37, 1820),
(37, 1821),
(37, 1822),
(37, 1823),
(37, 1824),
(37, 1825),
(37, 1826),
(37, 1827),
(37, 1828),
(37, 1829),
(37, 1830),
(37, 1831),
(37, 1832),
(37, 1833),
(37, 1834),
(37, 1835),
(37, 1836),
(37, 1837),
(37, 1838),
(37, 1839),
(37, 1840),
(37, 1841),
(37, 1842),
(37, 1843),
(37, 1844),
(37, 1845),
(37, 1846),
(37, 1847),
(37, 1848),
(37, 1849),
(37, 1850),
(38, 1851),
(38, 1852),
(38, 1853),
(38, 1854),
(38, 1855),
(38, 1856),
(38, 1857),
(38, 1858),
(38, 1859),
(38, 1860),
(38, 1861),
(38, 1862),
(38, 1863),
(38, 1864),
(38, 1865),
(38, 1866),
(38, 1867),
(38, 1868),
(38, 1869),
(38, 1870),
(38, 1871),
(38, 1872),
(38, 1873),
(38, 1874),
(38, 1875),
(38, 1876),
(38, 1877),
(38, 1878),
(38, 1879),
(38, 1880),
(38, 1881),
(38, 1882),
(38, 1883),
(38, 1884),
(38, 1885),
(38, 1886),
(38, 1887),
(38, 1888),
(38, 1889),
(38, 1890),
(38, 1891),
(38, 1892),
(38, 1893),
(38, 1894),
(38, 1895),
(38, 1896),
(38, 1897),
(38, 1898),
(38, 1899),
(38, 1900),
(39, 1901),
(39, 1902),
(39, 1903),
(39, 1904),
(39, 1905),
(39, 1906),
(39, 1907),
(39, 1908),
(39, 1909),
(39, 1910),
(39, 1911),
(39, 1912),
(39, 1913),
(39, 1914),
(39, 1915),
(39, 1916),
(39, 1917),
(39, 1918),
(39, 1919),
(39, 1920),
(39, 1921),
(39, 1922),
(39, 1923),
(39, 1924),
(39, 1925),
(39, 1926),
(39, 1927),
(39, 1928),
(39, 1929),
(39, 1930),
(39, 1931),
(39, 1932),
(39, 1933),
(39, 1934),
(39, 1935),
(39, 1936),
(39, 1937),
(39, 1938),
(39, 1939),
(39, 1940),
(39, 1941),
(39, 1942),
(39, 1943),
(39, 1944),
(39, 1945),
(39, 1946),
(39, 1947),
(39, 1948),
(39, 1949),
(39, 1950),
(40, 1951),
(40, 1952),
(40, 1953),
(40, 1954),
(40, 1955),
(40, 1956),
(40, 1957),
(40, 1958),
(40, 1959),
(40, 1960),
(40, 1961),
(40, 1962),
(40, 1963),
(40, 1964),
(40, 1965),
(40, 1966),
(40, 1967),
(40, 1968),
(40, 1969),
(40, 1970),
(40, 1971),
(40, 1972),
(40, 1973),
(40, 1974),
(40, 1975),
(40, 1976),
(40, 1977),
(40, 1978),
(40, 1979),
(40, 1980),
(40, 1981),
(40, 1982),
(40, 1983),
(40, 1984),
(40, 1985),
(40, 1986),
(40, 1987),
(40, 1988),
(40, 1989),
(40, 1990),
(40, 1991),
(40, 1992),
(40, 1993),
(40, 1994),
(40, 1995),
(40, 1996),
(40, 1997),
(40, 1998),
(40, 1999),
(40, 2000),
(71, 3501),
(71, 3502),
(71, 3503),
(71, 3504),
(71, 3505),
(71, 3506),
(71, 3507),
(71, 3508),
(71, 3509),
(71, 3510),
(71, 3511),
(71, 3512),
(71, 3513),
(71, 3514),
(71, 3515),
(71, 3516),
(71, 3517),
(71, 3518),
(71, 3519),
(71, 3520),
(71, 3521),
(71, 3522),
(71, 3523),
(71, 3524),
(71, 3525),
(71, 3526),
(71, 3527),
(71, 3528),
(71, 3529),
(71, 3530),
(71, 3531),
(71, 3532),
(71, 3533),
(71, 3534),
(71, 3535),
(71, 3536),
(71, 3537),
(71, 3538),
(71, 3539),
(71, 3540),
(71, 3541),
(71, 3542),
(71, 3543),
(71, 3544),
(71, 3545),
(71, 3546),
(71, 3547),
(71, 3548),
(71, 3549),
(71, 3550),
(72, 3551),
(72, 3552),
(72, 3553),
(72, 3554),
(72, 3555),
(72, 3556),
(72, 3557),
(72, 3558),
(72, 3559),
(72, 3560),
(72, 3561),
(72, 3562),
(72, 3563),
(72, 3564),
(72, 3565),
(72, 3566),
(72, 3567),
(72, 3568),
(72, 3569),
(72, 3570),
(72, 3571),
(72, 3572),
(72, 3573),
(72, 3574),
(72, 3575),
(72, 3576),
(72, 3577),
(72, 3578),
(72, 3579),
(72, 3580),
(72, 3581),
(72, 3582),
(72, 3583),
(72, 3584),
(72, 3585),
(72, 3586),
(72, 3587),
(72, 3588),
(72, 3589),
(72, 3590),
(72, 3591),
(72, 3592),
(72, 3593),
(72, 3594),
(72, 3595),
(72, 3596),
(72, 3597),
(72, 3598),
(72, 3599),
(72, 3600),
(73, 3601),
(73, 3602),
(73, 3603),
(73, 3604),
(73, 3605),
(73, 3606),
(73, 3607),
(73, 3608),
(73, 3609),
(73, 3610),
(73, 3611),
(73, 3612),
(73, 3613),
(73, 3614),
(73, 3615),
(73, 3616),
(73, 3617),
(73, 3618),
(73, 3619),
(73, 3620),
(73, 3621),
(73, 3622),
(73, 3623),
(73, 3624),
(73, 3625),
(73, 3626),
(73, 3627),
(73, 3628),
(73, 3629),
(73, 3630),
(73, 3631),
(73, 3632),
(73, 3633),
(73, 3634),
(73, 3635),
(73, 3636),
(73, 3637),
(73, 3638),
(73, 3639),
(73, 3640),
(73, 3641),
(73, 3642),
(73, 3643),
(73, 3644),
(73, 3645),
(73, 3646),
(73, 3647),
(73, 3648),
(73, 3649),
(73, 3650),
(74, 3651),
(74, 3652),
(74, 3653),
(74, 3654),
(74, 3655),
(74, 3656),
(74, 3657),
(74, 3658),
(74, 3659),
(74, 3660),
(74, 3661),
(74, 3662),
(74, 3663),
(74, 3664),
(74, 3665),
(74, 3666),
(74, 3667),
(74, 3668),
(74, 3669),
(74, 3670),
(74, 3671),
(74, 3672),
(74, 3673),
(74, 3674),
(74, 3675),
(74, 3676),
(74, 3677),
(74, 3678),
(74, 3679),
(74, 3680),
(74, 3681),
(74, 3682),
(74, 3683),
(74, 3684),
(74, 3685),
(74, 3686),
(74, 3687),
(74, 3688),
(74, 3689),
(74, 3690),
(74, 3691),
(74, 3692),
(74, 3693),
(74, 3694),
(74, 3695),
(74, 3696),
(74, 3697),
(74, 3698),
(74, 3699),
(74, 3700),
(75, 3701),
(75, 3702),
(75, 3703),
(75, 3704),
(75, 3705),
(75, 3706),
(75, 3707),
(75, 3708),
(75, 3709),
(75, 3710),
(75, 3711),
(75, 3712),
(75, 3713),
(75, 3714),
(75, 3715),
(75, 3716),
(75, 3717),
(75, 3718),
(75, 3719),
(75, 3720),
(75, 3721),
(75, 3722),
(75, 3723),
(75, 3724),
(75, 3725),
(75, 3726),
(75, 3727),
(75, 3728),
(75, 3729),
(75, 3730),
(75, 3731),
(75, 3732),
(75, 3733),
(75, 3734),
(75, 3735),
(75, 3736),
(75, 3737),
(75, 3738),
(75, 3739),
(75, 3740),
(75, 3741),
(75, 3742),
(75, 3743),
(75, 3744),
(75, 3745),
(75, 3746),
(75, 3747),
(75, 3748),
(75, 3749),
(75, 3750),
(76, 3751),
(76, 3752),
(76, 3753),
(76, 3754),
(76, 3755),
(76, 3756),
(76, 3757),
(76, 3758),
(76, 3759),
(76, 3760),
(76, 3761),
(76, 3762),
(76, 3763),
(76, 3764),
(76, 3765),
(76, 3766),
(76, 3767),
(76, 3768),
(76, 3769),
(76, 3770),
(76, 3771),
(76, 3772),
(76, 3773),
(76, 3774),
(76, 3775),
(76, 3776),
(76, 3777),
(76, 3778),
(76, 3779),
(76, 3780),
(76, 3781),
(76, 3782),
(76, 3783),
(76, 3784),
(76, 3785),
(76, 3786),
(76, 3787),
(76, 3788),
(76, 3789),
(76, 3790),
(76, 3791),
(76, 3792),
(76, 3793),
(76, 3794),
(76, 3795),
(76, 3796),
(76, 3797),
(76, 3798),
(76, 3799),
(76, 3800),
(77, 3801),
(77, 3802),
(77, 3803),
(77, 3804),
(77, 3805),
(77, 3806),
(77, 3807),
(77, 3808),
(77, 3809),
(77, 3810),
(77, 3811),
(77, 3812),
(77, 3813),
(77, 3814),
(77, 3815),
(77, 3816),
(77, 3817),
(77, 3818),
(77, 3819),
(77, 3820),
(77, 3821),
(77, 3822),
(77, 3823),
(77, 3824),
(77, 3825),
(77, 3826),
(77, 3827),
(77, 3828),
(77, 3829),
(77, 3830),
(77, 3831),
(77, 3832),
(77, 3833),
(77, 3834),
(77, 3835),
(77, 3836),
(77, 3837),
(77, 3838),
(77, 3839),
(77, 3840),
(77, 3841),
(77, 3842),
(77, 3843),
(77, 3844),
(77, 3845),
(77, 3846),
(77, 3847),
(77, 3848),
(77, 3849),
(77, 3850),
(78, 3851),
(78, 3852),
(78, 3853),
(78, 3854),
(78, 3855),
(78, 3856),
(78, 3857),
(78, 3858),
(78, 3859),
(78, 3860),
(78, 3861),
(78, 3862),
(78, 3863),
(78, 3864),
(78, 3865),
(78, 3866),
(78, 3867),
(78, 3868),
(78, 3869),
(78, 3870),
(78, 3871),
(78, 3872),
(78, 3873),
(78, 3874),
(78, 3875),
(78, 3876),
(78, 3877),
(78, 3878),
(78, 3879),
(78, 3880),
(78, 3881),
(78, 3882),
(78, 3883),
(78, 3884),
(78, 3885),
(78, 3886),
(78, 3887),
(78, 3888),
(78, 3889),
(78, 3890),
(78, 3891),
(78, 3892),
(78, 3893),
(78, 3894),
(78, 3895),
(78, 3896),
(78, 3897),
(78, 3898),
(78, 3899),
(78, 3900),
(79, 3901),
(79, 3902),
(79, 3903),
(79, 3904),
(79, 3905),
(79, 3906),
(79, 3907),
(79, 3908),
(79, 3909),
(79, 3910),
(79, 3911),
(79, 3912),
(79, 3913),
(79, 3914),
(79, 3915),
(79, 3916),
(79, 3917),
(79, 3918),
(79, 3919),
(79, 3920),
(79, 3921),
(79, 3922),
(79, 3923),
(79, 3924),
(79, 3925),
(79, 3926),
(79, 3927),
(79, 3928),
(79, 3929),
(79, 3930),
(79, 3931),
(79, 3932),
(79, 3933),
(79, 3934),
(79, 3935),
(79, 3936),
(79, 3937),
(79, 3938),
(79, 3939),
(79, 3940),
(79, 3941),
(79, 3942),
(79, 3943),
(79, 3944),
(79, 3945),
(79, 3946),
(79, 3947),
(79, 3948),
(79, 3949),
(79, 3950),
(80, 3951),
(80, 3952),
(80, 3953),
(80, 3954),
(80, 3955),
(80, 3956),
(80, 3957),
(80, 3958),
(80, 3959),
(80, 3960),
(80, 3961),
(80, 3962),
(80, 3963),
(80, 3964),
(80, 3965),
(80, 3966),
(80, 3967),
(80, 3968),
(80, 3969),
(80, 3970),
(80, 3971),
(80, 3972),
(80, 3973),
(80, 3974),
(80, 3975),
(80, 3976),
(80, 3977),
(80, 3978),
(80, 3979),
(80, 3980),
(80, 3981),
(80, 3982),
(80, 3983),
(80, 3984),
(80, 3985),
(80, 3986),
(80, 3987),
(80, 3988),
(80, 3989),
(80, 3990),
(80, 3991),
(80, 3992),
(80, 3993),
(80, 3994),
(80, 3995),
(80, 3996),
(80, 3997),
(80, 3998),
(80, 3999),
(80, 4000),
(71, 3501),
(71, 3502),
(71, 3503),
(71, 3504),
(71, 3505),
(71, 3506),
(71, 3507),
(71, 3508),
(71, 3509),
(71, 3510),
(71, 3511),
(71, 3512),
(71, 3513),
(71, 3514),
(71, 3515),
(71, 3516),
(71, 3517),
(71, 3518),
(71, 3519),
(71, 3520),
(71, 3521),
(71, 3522),
(71, 3523),
(71, 3524),
(71, 3525),
(71, 3526),
(71, 3527),
(71, 3528),
(71, 3529),
(71, 3530),
(71, 3531),
(71, 3532),
(71, 3533),
(71, 3534),
(71, 3535),
(71, 3536),
(71, 3537),
(71, 3538),
(71, 3539),
(71, 3540),
(71, 3541),
(71, 3542),
(71, 3543),
(71, 3544),
(71, 3545),
(71, 3546),
(71, 3547),
(71, 3548),
(71, 3549),
(71, 3550),
(72, 3551),
(72, 3552),
(72, 3553),
(72, 3554),
(72, 3555),
(72, 3556),
(72, 3557),
(72, 3558),
(72, 3559),
(72, 3560),
(72, 3561),
(72, 3562),
(72, 3563),
(72, 3564),
(72, 3565),
(72, 3566),
(72, 3567),
(72, 3568),
(72, 3569),
(72, 3570),
(72, 3571),
(72, 3572),
(72, 3573),
(72, 3574),
(72, 3575),
(72, 3576),
(72, 3577),
(72, 3578),
(72, 3579),
(72, 3580),
(72, 3581),
(72, 3582),
(72, 3583),
(72, 3584),
(72, 3585),
(72, 3586),
(72, 3587),
(72, 3588),
(72, 3589),
(72, 3590),
(72, 3591),
(72, 3592),
(72, 3593),
(72, 3594),
(72, 3595),
(72, 3596),
(72, 3597),
(72, 3598),
(72, 3599),
(72, 3600),
(73, 3601),
(73, 3602),
(73, 3603),
(73, 3604),
(73, 3605),
(73, 3606),
(73, 3607),
(73, 3608),
(73, 3609),
(73, 3610),
(73, 3611),
(73, 3612),
(73, 3613),
(73, 3614),
(73, 3615),
(73, 3616),
(73, 3617),
(73, 3618),
(73, 3619),
(73, 3620),
(73, 3621),
(73, 3622),
(73, 3623),
(73, 3624),
(73, 3625),
(73, 3626),
(73, 3627),
(73, 3628),
(73, 3629),
(73, 3630),
(73, 3631),
(73, 3632),
(73, 3633),
(73, 3634),
(73, 3635),
(73, 3636),
(73, 3637),
(73, 3638),
(73, 3639),
(73, 3640),
(73, 3641),
(73, 3642),
(73, 3643),
(73, 3644),
(73, 3645),
(73, 3646),
(73, 3647),
(73, 3648),
(73, 3649),
(73, 3650),
(74, 3651),
(74, 3652),
(74, 3653),
(74, 3654),
(74, 3655),
(74, 3656),
(74, 3657),
(74, 3658),
(74, 3659),
(74, 3660),
(74, 3661),
(74, 3662),
(74, 3663),
(74, 3664),
(74, 3665),
(74, 3666),
(74, 3667),
(74, 3668),
(74, 3669),
(74, 3670),
(74, 3671),
(74, 3672),
(74, 3673),
(74, 3674),
(74, 3675),
(74, 3676),
(74, 3677),
(74, 3678),
(74, 3679),
(74, 3680),
(74, 3681),
(74, 3682),
(74, 3683),
(74, 3684),
(74, 3685),
(74, 3686),
(74, 3687),
(74, 3688),
(74, 3689),
(74, 3690),
(74, 3691),
(74, 3692),
(74, 3693),
(74, 3694),
(74, 3695),
(74, 3696),
(74, 3697),
(74, 3698),
(74, 3699),
(74, 3700),
(75, 3701),
(75, 3702),
(75, 3703),
(75, 3704),
(75, 3705),
(75, 3706),
(75, 3707),
(75, 3708),
(75, 3709),
(75, 3710),
(75, 3711),
(75, 3712),
(75, 3713),
(75, 3714),
(75, 3715),
(75, 3716),
(75, 3717),
(75, 3718),
(75, 3719),
(75, 3720),
(75, 3721),
(75, 3722),
(75, 3723),
(75, 3724),
(75, 3725),
(75, 3726),
(75, 3727),
(75, 3728),
(75, 3729),
(75, 3730),
(75, 3731),
(75, 3732),
(75, 3733),
(75, 3734),
(75, 3735),
(75, 3736),
(75, 3737),
(75, 3738),
(75, 3739),
(75, 3740),
(75, 3741),
(75, 3742),
(75, 3743),
(75, 3744),
(75, 3745),
(75, 3746),
(75, 3747),
(75, 3748),
(75, 3749),
(75, 3750),
(76, 3751),
(76, 3752),
(76, 3753),
(76, 3754),
(76, 3755),
(76, 3756),
(76, 3757),
(76, 3758),
(76, 3759),
(76, 3760),
(76, 3761),
(76, 3762),
(76, 3763),
(76, 3764),
(76, 3765),
(76, 3766),
(76, 3767),
(76, 3768),
(76, 3769),
(76, 3770),
(76, 3771),
(76, 3772),
(76, 3773),
(76, 3774),
(76, 3775),
(76, 3776),
(76, 3777),
(76, 3778),
(76, 3779),
(76, 3780),
(76, 3781),
(76, 3782),
(76, 3783),
(76, 3784),
(76, 3785),
(76, 3786),
(76, 3787),
(76, 3788),
(76, 3789),
(76, 3790),
(76, 3791),
(76, 3792),
(76, 3793),
(76, 3794),
(76, 3795),
(76, 3796),
(76, 3797),
(76, 3798),
(76, 3799),
(76, 3800),
(77, 3801),
(77, 3802),
(77, 3803),
(77, 3804),
(77, 3805),
(77, 3806),
(77, 3807),
(77, 3808),
(77, 3809),
(77, 3810),
(77, 3811),
(77, 3812),
(77, 3813),
(77, 3814),
(77, 3815),
(77, 3816),
(77, 3817),
(77, 3818),
(77, 3819),
(77, 3820),
(77, 3821),
(77, 3822),
(77, 3823),
(77, 3824),
(77, 3825),
(77, 3826),
(77, 3827),
(77, 3828),
(77, 3829),
(77, 3830),
(77, 3831),
(77, 3832),
(77, 3833),
(77, 3834),
(77, 3835),
(77, 3836),
(77, 3837),
(77, 3838),
(77, 3839),
(77, 3840),
(77, 3841),
(77, 3842),
(77, 3843),
(77, 3844),
(77, 3845),
(77, 3846),
(77, 3847),
(77, 3848),
(77, 3849),
(77, 3850),
(78, 3851),
(78, 3852),
(78, 3853),
(78, 3854),
(78, 3855),
(78, 3856),
(78, 3857),
(78, 3858),
(78, 3859),
(78, 3860),
(78, 3861),
(78, 3862),
(78, 3863),
(78, 3864),
(78, 3865),
(78, 3866),
(78, 3867),
(78, 3868),
(78, 3869),
(78, 3870),
(78, 3871),
(78, 3872),
(78, 3873),
(78, 3874),
(78, 3875),
(78, 3876),
(78, 3877),
(78, 3878),
(78, 3879),
(78, 3880),
(78, 3881),
(78, 3882),
(78, 3883),
(78, 3884),
(78, 3885),
(78, 3886),
(78, 3887),
(78, 3888),
(78, 3889),
(78, 3890),
(78, 3891),
(78, 3892),
(78, 3893),
(78, 3894),
(78, 3895),
(78, 3896),
(78, 3897),
(78, 3898),
(78, 3899),
(78, 3900),
(79, 3901),
(79, 3902),
(79, 3903),
(79, 3904),
(79, 3905),
(79, 3906),
(79, 3907),
(79, 3908),
(79, 3909),
(79, 3910),
(79, 3911),
(79, 3912),
(79, 3913),
(79, 3914),
(79, 3915),
(79, 3916),
(79, 3917),
(79, 3918),
(79, 3919),
(79, 3920),
(79, 3921),
(79, 3922),
(79, 3923),
(79, 3924),
(79, 3925),
(79, 3926),
(79, 3927),
(79, 3928),
(79, 3929),
(79, 3930),
(79, 3931),
(79, 3932),
(79, 3933),
(79, 3934),
(79, 3935),
(79, 3936),
(79, 3937),
(79, 3938),
(79, 3939),
(79, 3940),
(79, 3941),
(79, 3942),
(79, 3943),
(79, 3944),
(79, 3945),
(79, 3946),
(79, 3947),
(79, 3948),
(79, 3949),
(79, 3950),
(80, 3951),
(80, 3952),
(80, 3953),
(80, 3954),
(80, 3955),
(80, 3956),
(80, 3957),
(80, 3958),
(80, 3959),
(80, 3960),
(80, 3961),
(80, 3962),
(80, 3963),
(80, 3964),
(80, 3965),
(80, 3966),
(80, 3967),
(80, 3968),
(80, 3969),
(80, 3970),
(80, 3971),
(80, 3972),
(80, 3973),
(80, 3974),
(80, 3975),
(80, 3976),
(80, 3977),
(80, 3978),
(80, 3979),
(80, 3980),
(80, 3981),
(80, 3982),
(80, 3983),
(80, 3984),
(80, 3985),
(80, 3986),
(80, 3987),
(80, 3988),
(80, 3989),
(80, 3990),
(80, 3991),
(80, 3992),
(80, 3993),
(80, 3994),
(80, 3995),
(80, 3996),
(80, 3997),
(80, 3998),
(80, 3999),
(80, 4000),
(71, 3501),
(71, 3502),
(71, 3503),
(71, 3504),
(71, 3505),
(71, 3506),
(71, 3507),
(71, 3508),
(71, 3509),
(71, 3510),
(71, 3511),
(71, 3512),
(71, 3513),
(71, 3514),
(71, 3515),
(71, 3516),
(71, 3517),
(71, 3518),
(71, 3519),
(71, 3520),
(71, 3521),
(71, 3522),
(71, 3523),
(71, 3524),
(71, 3525),
(71, 3526),
(71, 3527),
(71, 3528),
(71, 3529),
(71, 3530),
(71, 3531),
(71, 3532),
(71, 3533),
(71, 3534),
(71, 3535),
(71, 3536),
(71, 3537),
(71, 3538),
(71, 3539),
(71, 3540),
(71, 3541),
(71, 3542),
(71, 3543),
(71, 3544),
(71, 3545),
(71, 3546),
(71, 3547),
(71, 3548),
(71, 3549),
(71, 3550),
(72, 3551),
(72, 3552),
(72, 3553),
(72, 3554),
(72, 3555),
(72, 3556),
(72, 3557),
(72, 3558),
(72, 3559),
(72, 3560),
(72, 3561),
(72, 3562),
(72, 3563),
(72, 3564),
(72, 3565),
(72, 3566),
(72, 3567),
(72, 3568),
(72, 3569),
(72, 3570),
(72, 3571),
(72, 3572),
(72, 3573),
(72, 3574),
(72, 3575),
(72, 3576),
(72, 3577),
(72, 3578),
(72, 3579),
(72, 3580),
(72, 3581),
(72, 3582),
(72, 3583),
(72, 3584),
(72, 3585),
(72, 3586),
(72, 3587),
(72, 3588),
(72, 3589),
(72, 3590),
(72, 3591),
(72, 3592),
(72, 3593),
(72, 3594),
(72, 3595),
(72, 3596),
(72, 3597),
(72, 3598),
(72, 3599),
(72, 3600),
(73, 3601),
(73, 3602),
(73, 3603),
(73, 3604),
(73, 3605),
(73, 3606),
(73, 3607),
(73, 3608),
(73, 3609),
(73, 3610),
(73, 3611),
(73, 3612),
(73, 3613),
(73, 3614),
(73, 3615),
(73, 3616),
(73, 3617),
(73, 3618),
(73, 3619),
(73, 3620),
(73, 3621),
(73, 3622),
(73, 3623),
(73, 3624),
(73, 3625),
(73, 3626),
(73, 3627),
(73, 3628),
(73, 3629),
(73, 3630),
(73, 3631),
(73, 3632),
(73, 3633),
(73, 3634),
(73, 3635),
(73, 3636),
(73, 3637),
(73, 3638),
(73, 3639),
(73, 3640),
(73, 3641),
(73, 3642),
(73, 3643),
(73, 3644),
(73, 3645),
(73, 3646),
(73, 3647),
(73, 3648),
(73, 3649),
(73, 3650),
(74, 3651),
(74, 3652),
(74, 3653),
(74, 3654),
(74, 3655),
(74, 3656),
(74, 3657),
(74, 3658),
(74, 3659),
(74, 3660),
(74, 3661),
(74, 3662),
(74, 3663),
(74, 3664),
(74, 3665),
(74, 3666),
(74, 3667),
(74, 3668),
(74, 3669),
(74, 3670),
(74, 3671),
(74, 3672),
(74, 3673),
(74, 3674),
(74, 3675),
(74, 3676),
(74, 3677),
(74, 3678),
(74, 3679),
(74, 3680),
(74, 3681),
(74, 3682),
(74, 3683),
(74, 3684),
(74, 3685),
(74, 3686),
(74, 3687),
(74, 3688),
(74, 3689),
(74, 3690),
(74, 3691),
(74, 3692),
(74, 3693),
(74, 3694),
(74, 3695),
(74, 3696),
(74, 3697),
(74, 3698),
(74, 3699),
(74, 3700),
(75, 3701),
(75, 3702),
(75, 3703),
(75, 3704),
(75, 3705),
(75, 3706),
(75, 3707),
(75, 3708),
(75, 3709),
(75, 3710),
(75, 3711),
(75, 3712),
(75, 3713),
(75, 3714),
(75, 3715),
(75, 3716),
(75, 3717),
(75, 3718),
(75, 3719),
(75, 3720),
(75, 3721),
(75, 3722),
(75, 3723),
(75, 3724),
(75, 3725),
(75, 3726),
(75, 3727),
(75, 3728),
(75, 3729),
(75, 3730),
(75, 3731),
(75, 3732),
(75, 3733),
(75, 3734),
(75, 3735),
(75, 3736),
(75, 3737),
(75, 3738),
(75, 3739),
(75, 3740),
(75, 3741),
(75, 3742),
(75, 3743),
(75, 3744),
(75, 3745),
(75, 3746),
(75, 3747),
(75, 3748),
(75, 3749),
(75, 3750),
(76, 3751),
(76, 3752),
(76, 3753),
(76, 3754),
(76, 3755),
(76, 3756),
(76, 3757),
(76, 3758),
(76, 3759),
(76, 3760),
(76, 3761),
(76, 3762),
(76, 3763),
(76, 3764),
(76, 3765),
(76, 3766),
(76, 3767),
(76, 3768),
(76, 3769),
(76, 3770),
(76, 3771),
(76, 3772),
(76, 3773),
(76, 3774),
(76, 3775),
(76, 3776),
(76, 3777),
(76, 3778),
(76, 3779),
(76, 3780),
(76, 3781),
(76, 3782),
(76, 3783),
(76, 3784),
(76, 3785),
(76, 3786),
(76, 3787),
(76, 3788),
(76, 3789),
(76, 3790),
(76, 3791),
(76, 3792),
(76, 3793),
(76, 3794),
(76, 3795),
(76, 3796),
(76, 3797),
(76, 3798),
(76, 3799),
(76, 3800),
(77, 3801),
(77, 3802),
(77, 3803),
(77, 3804),
(77, 3805),
(77, 3806),
(77, 3807),
(77, 3808),
(77, 3809),
(77, 3810),
(77, 3811),
(77, 3812),
(77, 3813),
(77, 3814),
(77, 3815),
(77, 3816),
(77, 3817),
(77, 3818),
(77, 3819),
(77, 3820),
(77, 3821),
(77, 3822),
(77, 3823),
(77, 3824),
(77, 3825),
(77, 3826),
(77, 3827),
(77, 3828),
(77, 3829),
(77, 3830),
(77, 3831),
(77, 3832),
(77, 3833),
(77, 3834),
(77, 3835),
(77, 3836),
(77, 3837),
(77, 3838),
(77, 3839),
(77, 3840),
(77, 3841),
(77, 3842),
(77, 3843),
(77, 3844),
(77, 3845),
(77, 3846),
(77, 3847),
(77, 3848),
(77, 3849),
(77, 3850),
(78, 3851),
(78, 3852),
(78, 3853),
(78, 3854),
(78, 3855),
(78, 3856),
(78, 3857),
(78, 3858),
(78, 3859),
(78, 3860),
(78, 3861),
(78, 3862),
(78, 3863),
(78, 3864),
(78, 3865),
(78, 3866),
(78, 3867),
(78, 3868),
(78, 3869),
(78, 3870),
(78, 3871),
(78, 3872),
(78, 3873),
(78, 3874),
(78, 3875),
(78, 3876),
(78, 3877),
(78, 3878),
(78, 3879),
(78, 3880),
(78, 3881),
(78, 3882),
(78, 3883),
(78, 3884),
(78, 3885),
(78, 3886),
(78, 3887),
(78, 3888),
(78, 3889),
(78, 3890),
(78, 3891),
(78, 3892),
(78, 3893),
(78, 3894),
(78, 3895),
(78, 3896),
(78, 3897),
(78, 3898),
(78, 3899),
(78, 3900),
(79, 3901),
(79, 3902),
(79, 3903),
(79, 3904),
(79, 3905),
(79, 3906),
(79, 3907),
(79, 3908),
(79, 3909),
(79, 3910),
(79, 3911),
(79, 3912),
(79, 3913),
(79, 3914),
(79, 3915),
(79, 3916),
(79, 3917),
(79, 3918),
(79, 3919),
(79, 3920),
(79, 3921),
(79, 3922),
(79, 3923),
(79, 3924),
(79, 3925),
(79, 3926),
(79, 3927),
(79, 3928),
(79, 3929),
(79, 3930),
(79, 3931),
(79, 3932),
(79, 3933),
(79, 3934),
(79, 3935),
(79, 3936),
(79, 3937),
(79, 3938),
(79, 3939),
(79, 3940),
(79, 3941),
(79, 3942),
(79, 3943),
(79, 3944),
(79, 3945),
(79, 3946),
(79, 3947),
(79, 3948),
(79, 3949),
(79, 3950),
(80, 3951),
(80, 3952),
(80, 3953),
(80, 3954),
(80, 3955),
(80, 3956),
(80, 3957),
(80, 3958),
(80, 3959),
(80, 3960),
(80, 3961),
(80, 3962),
(80, 3963),
(80, 3964),
(80, 3965),
(80, 3966),
(80, 3967),
(80, 3968),
(80, 3969),
(80, 3970),
(80, 3971),
(80, 3972),
(80, 3973),
(80, 3974),
(80, 3975),
(80, 3976),
(80, 3977),
(80, 3978),
(80, 3979),
(80, 3980),
(80, 3981),
(80, 3982),
(80, 3983),
(80, 3984),
(80, 3985),
(80, 3986),
(80, 3987),
(80, 3988),
(80, 3989),
(80, 3990),
(80, 3991),
(80, 3992),
(80, 3993),
(80, 3994),
(80, 3995),
(80, 3996),
(80, 3997),
(80, 3998),
(80, 3999),
(80, 4000),
(71, 3501),
(71, 3502),
(71, 3503),
(71, 3504),
(71, 3505),
(71, 3506),
(71, 3507),
(71, 3508),
(71, 3509),
(71, 3510),
(71, 3511),
(71, 3512),
(71, 3513),
(71, 3514),
(71, 3515),
(71, 3516),
(71, 3517),
(71, 3518),
(71, 3519),
(71, 3520),
(71, 3521),
(71, 3522),
(71, 3523),
(71, 3524),
(71, 3525),
(71, 3526),
(71, 3527),
(71, 3528),
(71, 3529),
(71, 3530),
(71, 3531),
(71, 3532),
(71, 3533),
(71, 3534),
(71, 3535),
(71, 3536),
(71, 3537),
(71, 3538),
(71, 3539),
(71, 3540),
(71, 3541),
(71, 3542),
(71, 3543),
(71, 3544),
(71, 3545),
(71, 3546),
(71, 3547),
(71, 3548),
(71, 3549),
(71, 3550),
(72, 3551),
(72, 3552),
(72, 3553),
(72, 3554),
(72, 3555),
(72, 3556),
(72, 3557),
(72, 3558),
(72, 3559),
(72, 3560),
(72, 3561),
(72, 3562),
(72, 3563),
(72, 3564),
(72, 3565),
(72, 3566),
(72, 3567),
(72, 3568),
(72, 3569),
(72, 3570),
(72, 3571),
(72, 3572),
(72, 3573),
(72, 3574),
(72, 3575),
(72, 3576),
(72, 3577),
(72, 3578),
(72, 3579),
(72, 3580),
(72, 3581),
(72, 3582),
(72, 3583),
(72, 3584),
(72, 3585),
(72, 3586),
(72, 3587),
(72, 3588),
(72, 3589),
(72, 3590),
(72, 3591),
(72, 3592),
(72, 3593),
(72, 3594),
(72, 3595),
(72, 3596),
(72, 3597),
(72, 3598),
(72, 3599),
(72, 3600),
(73, 3601),
(73, 3602),
(73, 3603),
(73, 3604),
(73, 3605),
(73, 3606),
(73, 3607),
(73, 3608),
(73, 3609),
(73, 3610),
(73, 3611),
(73, 3612),
(73, 3613),
(73, 3614),
(73, 3615),
(73, 3616),
(73, 3617),
(73, 3618),
(73, 3619),
(73, 3620),
(73, 3621),
(73, 3622),
(73, 3623),
(73, 3624),
(73, 3625),
(73, 3626),
(73, 3627),
(73, 3628),
(73, 3629),
(73, 3630),
(73, 3631),
(73, 3632),
(73, 3633),
(73, 3634),
(73, 3635),
(73, 3636),
(73, 3637),
(73, 3638),
(73, 3639),
(73, 3640),
(73, 3641),
(73, 3642),
(73, 3643),
(73, 3644),
(73, 3645),
(73, 3646),
(73, 3647),
(73, 3648),
(73, 3649),
(73, 3650),
(74, 3651),
(74, 3652),
(74, 3653),
(74, 3654),
(74, 3655),
(74, 3656),
(74, 3657),
(74, 3658),
(74, 3659),
(74, 3660),
(74, 3661),
(74, 3662),
(74, 3663),
(74, 3664),
(74, 3665),
(74, 3666),
(74, 3667),
(74, 3668),
(74, 3669),
(74, 3670),
(74, 3671),
(74, 3672),
(74, 3673),
(74, 3674),
(74, 3675),
(74, 3676),
(74, 3677),
(74, 3678),
(74, 3679),
(74, 3680),
(74, 3681),
(74, 3682),
(74, 3683),
(74, 3684),
(74, 3685),
(74, 3686),
(74, 3687),
(74, 3688),
(74, 3689),
(74, 3690),
(74, 3691),
(74, 3692),
(74, 3693),
(74, 3694),
(74, 3695),
(74, 3696),
(74, 3697),
(74, 3698),
(74, 3699),
(74, 3700),
(75, 3701),
(75, 3702),
(75, 3703),
(75, 3704),
(75, 3705),
(75, 3706),
(75, 3707),
(75, 3708),
(75, 3709),
(75, 3710),
(75, 3711),
(75, 3712),
(75, 3713),
(75, 3714),
(75, 3715),
(75, 3716),
(75, 3717),
(75, 3718),
(75, 3719),
(75, 3720),
(75, 3721),
(75, 3722),
(75, 3723),
(75, 3724),
(75, 3725),
(75, 3726),
(75, 3727),
(75, 3728),
(75, 3729),
(75, 3730),
(75, 3731),
(75, 3732),
(75, 3733),
(75, 3734),
(75, 3735),
(75, 3736),
(75, 3737),
(75, 3738),
(75, 3739),
(75, 3740),
(75, 3741),
(75, 3742),
(75, 3743),
(75, 3744),
(75, 3745),
(75, 3746),
(75, 3747),
(75, 3748),
(75, 3749),
(75, 3750),
(76, 3751),
(76, 3752),
(76, 3753),
(76, 3754),
(76, 3755),
(76, 3756),
(76, 3757),
(76, 3758),
(76, 3759),
(76, 3760),
(76, 3761),
(76, 3762),
(76, 3763),
(76, 3764),
(76, 3765),
(76, 3766),
(76, 3767),
(76, 3768),
(76, 3769),
(76, 3770),
(76, 3771),
(76, 3772),
(76, 3773),
(76, 3774),
(76, 3775),
(76, 3776),
(76, 3777),
(76, 3778),
(76, 3779),
(76, 3780),
(76, 3781),
(76, 3782),
(76, 3783),
(76, 3784),
(76, 3785),
(76, 3786),
(76, 3787),
(76, 3788),
(76, 3789),
(76, 3790),
(76, 3791),
(76, 3792),
(76, 3793),
(76, 3794),
(76, 3795),
(76, 3796),
(76, 3797),
(76, 3798),
(76, 3799),
(76, 3800),
(77, 3801),
(77, 3802),
(77, 3803),
(77, 3804),
(77, 3805),
(77, 3806),
(77, 3807),
(77, 3808),
(77, 3809),
(77, 3810),
(77, 3811),
(77, 3812),
(77, 3813),
(77, 3814),
(77, 3815),
(77, 3816),
(77, 3817),
(77, 3818),
(77, 3819),
(77, 3820),
(77, 3821),
(77, 3822),
(77, 3823),
(77, 3824),
(77, 3825),
(77, 3826),
(77, 3827),
(77, 3828),
(77, 3829),
(77, 3830),
(77, 3831),
(77, 3832),
(77, 3833),
(77, 3834),
(77, 3835),
(77, 3836),
(77, 3837),
(77, 3838),
(77, 3839),
(77, 3840),
(77, 3841),
(77, 3842),
(77, 3843),
(77, 3844),
(77, 3845),
(77, 3846),
(77, 3847),
(77, 3848),
(77, 3849),
(77, 3850),
(78, 3851),
(78, 3852),
(78, 3853),
(78, 3854),
(78, 3855),
(78, 3856),
(78, 3857),
(78, 3858),
(78, 3859),
(78, 3860),
(78, 3861),
(78, 3862),
(78, 3863),
(78, 3864),
(78, 3865),
(78, 3866),
(78, 3867),
(78, 3868),
(78, 3869),
(78, 3870),
(78, 3871),
(78, 3872),
(78, 3873),
(78, 3874),
(78, 3875),
(78, 3876),
(78, 3877),
(78, 3878),
(78, 3879),
(78, 3880),
(78, 3881),
(78, 3882),
(78, 3883),
(78, 3884),
(78, 3885),
(78, 3886),
(78, 3887),
(78, 3888),
(78, 3889),
(78, 3890),
(78, 3891),
(78, 3892),
(78, 3893),
(78, 3894),
(78, 3895),
(78, 3896),
(78, 3897),
(78, 3898),
(78, 3899),
(78, 3900),
(79, 3901),
(79, 3902),
(79, 3903),
(79, 3904),
(79, 3905),
(79, 3906),
(79, 3907),
(79, 3908),
(79, 3909),
(79, 3910),
(79, 3911),
(79, 3912),
(79, 3913),
(79, 3914),
(79, 3915),
(79, 3916),
(79, 3917),
(79, 3918),
(79, 3919),
(79, 3920),
(79, 3921),
(79, 3922),
(79, 3923),
(79, 3924),
(79, 3925),
(79, 3926),
(79, 3927),
(79, 3928),
(79, 3929),
(79, 3930),
(79, 3931),
(79, 3932),
(79, 3933),
(79, 3934),
(79, 3935),
(79, 3936),
(79, 3937),
(79, 3938),
(79, 3939),
(79, 3940),
(79, 3941),
(79, 3942),
(79, 3943),
(79, 3944),
(79, 3945),
(79, 3946),
(79, 3947),
(79, 3948),
(79, 3949),
(79, 3950),
(80, 3951),
(80, 3952),
(80, 3953),
(80, 3954),
(80, 3955),
(80, 3956),
(80, 3957),
(80, 3958),
(80, 3959),
(80, 3960),
(80, 3961),
(80, 3962),
(80, 3963),
(80, 3964),
(80, 3965),
(80, 3966),
(80, 3967),
(80, 3968),
(80, 3969),
(80, 3970),
(80, 3971),
(80, 3972),
(80, 3973),
(80, 3974),
(80, 3975),
(80, 3976),
(80, 3977),
(80, 3978),
(80, 3979),
(80, 3980),
(80, 3981),
(80, 3982),
(80, 3983),
(80, 3984),
(80, 3985),
(80, 3986),
(80, 3987),
(80, 3988),
(80, 3989),
(80, 3990),
(80, 3991),
(80, 3992),
(80, 3993),
(80, 3994),
(80, 3995),
(80, 3996),
(80, 3997),
(80, 3998),
(80, 3999),
(80, 4000);

-- --------------------------------------------------------

--
-- Tabellenstruktur für Tabelle `set`
--

CREATE TABLE `set` (
  `id` int(11) NOT NULL,
  `weight` int(11) DEFAULT NULL,
  `repetition` int(11) DEFAULT NULL,
  `exercise_id` int(11) NOT NULL
) ENGINE=InnoDB DEFAULT CHARSET=utf8mb4 COLLATE=utf8mb4_unicode_ci;

--
-- Daten für Tabelle `set`
--

INSERT INTO `set` (`id`, `weight`, `repetition`, `exercise_id`) VALUES
(1, 28, 8, 1),
(2, 67, 11, 1),
(3, 113, 10, 1),
(4, 81, 8, 1),
(5, 94, 9, 1),
(6, 104, 9, 1),
(7, 35, 11, 1),
(8, 111, 13, 1),
(9, 39, 7, 1),
(10, 66, 10, 1),
(11, 86, 14, 2),
(12, 95, 7, 2),
(13, 79, 13, 2),
(14, 31, 12, 2),
(15, 45, 10, 2),
(16, 85, 10, 2),
(17, 97, 7, 2),
(18, 115, 10, 2),
(19, 85, 14, 2),
(20, 46, 15, 2),
(21, 69, 15, 3),
(22, 107, 12, 3),
(23, 30, 11, 3),
(24, 101, 15, 3),
(25, 27, 7, 3),
(26, 106, 15, 3),
(27, 58, 6, 3),
(28, 80, 11, 3),
(29, 100, 15, 3),
(30, 107, 13, 3),
(31, 29, 8, 4),
(32, 25, 7, 4),
(33, 86, 9, 4),
(34, 96, 13, 4),
(35, 97, 12, 4),
(36, 74, 6, 4),
(37, 37, 8, 4),
(38, 51, 11, 4),
(39, 42, 15, 4),
(40, 81, 7, 4),
(41, 104, 11, 5),
(42, 58, 15, 5),
(43, 75, 9, 5),
(44, 94, 12, 5),
(45, 107, 8, 5),
(46, 23, 15, 5),
(47, 28, 14, 5),
(48, 101, 6, 5),
(49, 83, 9, 5),
(50, 112, 11, 5),
(51, 42, 9, 1),
(52, 59, 7, 1),
(53, 60, 15, 1),
(54, 106, 12, 1),
(55, 41, 14, 1),
(56, 94, 12, 1),
(57, 33, 12, 1),
(58, 61, 8, 1),
(59, 96, 7, 1),
(60, 97, 13, 1),
(61, 116, 6, 2),
(62, 101, 11, 2),
(63, 25, 14, 2),
(64, 34, 12, 2),
(65, 93, 7, 2),
(66, 54, 15, 2),
(67, 43, 12, 2),
(68, 56, 8, 2),
(69, 74, 13, 2),
(70, 109, 9, 2),
(71, 95, 15, 3),
(72, 22, 15, 3),
(73, 42, 8, 3),
(74, 96, 9, 3),
(75, 78, 14, 3),
(76, 78, 12, 3),
(77, 97, 14, 3),
(78, 62, 14, 3),
(79, 51, 13, 3),
(80, 113, 11, 3),
(81, 68, 13, 4),
(82, 29, 12, 4),
(83, 47, 8, 4),
(84, 59, 6, 4),
(85, 110, 15, 4),
(86, 80, 12, 4),
(87, 105, 9, 4),
(88, 49, 14, 4),
(89, 70, 6, 4),
(90, 77, 11, 4),
(91, 108, 12, 5),
(92, 78, 9, 5),
(93, 58, 6, 5),
(94, 110, 10, 5),
(95, 99, 9, 5),
(96, 59, 12, 5),
(97, 66, 15, 5),
(98, 62, 7, 5),
(99, 101, 6, 5),
(100, 117, 13, 5),
(101, 20, 7, 1),
(102, 111, 14, 1),
(103, 26, 14, 1),
(104, 22, 8, 1),
(105, 78, 15, 1),
(106, 40, 9, 1),
(107, 22, 13, 1),
(108, 107, 8, 1),
(109, 31, 7, 1),
(110, 106, 6, 1),
(111, 37, 14, 2),
(112, 31, 6, 2),
(113, 49, 8, 2),
(114, 110, 12, 2),
(115, 62, 13, 2),
(116, 43, 8, 2),
(117, 78, 13, 2),
(118, 85, 10, 2),
(119, 61, 6, 2),
(120, 20, 12, 2),
(121, 63, 7, 3),
(122, 97, 15, 3),
(123, 65, 10, 3),
(124, 112, 12, 3),
(125, 45, 7, 3),
(126, 114, 8, 3),
(127, 110, 13, 3),
(128, 118, 7, 3),
(129, 94, 15, 3),
(130, 79, 12, 3),
(131, 50, 10, 4),
(132, 68, 8, 4),
(133, 33, 9, 4),
(134, 37, 10, 4),
(135, 82, 12, 4),
(136, 94, 14, 4),
(137, 21, 10, 4),
(138, 57, 12, 4),
(139, 46, 7, 4),
(140, 98, 12, 4),
(141, 92, 12, 5),
(142, 67, 13, 5),
(143, 49, 7, 5),
(144, 101, 10, 5),
(145, 63, 10, 5),
(146, 48, 12, 5),
(147, 30, 13, 5),
(148, 106, 11, 5),
(149, 69, 7, 5),
(150, 49, 10, 5),
(151, 66, 15, 1),
(152, 76, 9, 1),
(153, 72, 10, 1),
(154, 98, 11, 1),
(155, 99, 8, 1),
(156, 90, 13, 1),
(157, 109, 6, 1),
(158, 89, 15, 1),
(159, 101, 11, 1),
(160, 25, 9, 1),
(161, 85, 12, 2),
(162, 37, 13, 2),
(163, 76, 15, 2),
(164, 52, 6, 2),
(165, 102, 10, 2),
(166, 89, 8, 2),
(167, 59, 14, 2),
(168, 38, 14, 2),
(169, 35, 9, 2),
(170, 83, 6, 2),
(171, 84, 13, 3),
(172, 82, 11, 3),
(173, 117, 12, 3),
(174, 104, 8, 3),
(175, 110, 7, 3),
(176, 52, 8, 3),
(177, 56, 7, 3),
(178, 52, 11, 3),
(179, 34, 13, 3),
(180, 104, 12, 3),
(181, 40, 11, 4),
(182, 60, 9, 4),
(183, 30, 11, 4),
(184, 86, 14, 4),
(185, 94, 6, 4),
(186, 63, 8, 4),
(187, 89, 13, 4),
(188, 25, 8, 4),
(189, 33, 6, 4),
(190, 116, 11, 4),
(191, 35, 9, 5),
(192, 70, 7, 5),
(193, 110, 11, 5),
(194, 67, 11, 5),
(195, 68, 14, 5),
(196, 45, 10, 5),
(197, 42, 11, 5),
(198, 76, 7, 5),
(199, 39, 8, 5),
(200, 72, 6, 5),
(201, 76, 7, 1),
(202, 61, 13, 1),
(203, 104, 12, 1),
(204, 66, 11, 1),
(205, 73, 6, 1),
(206, 77, 8, 1),
(207, 85, 12, 1),
(208, 56, 11, 1),
(209, 106, 6, 1),
(210, 85, 14, 1),
(211, 59, 11, 2),
(212, 80, 14, 2),
(213, 24, 8, 2),
(214, 71, 14, 2),
(215, 91, 11, 2),
(216, 106, 13, 2),
(217, 21, 6, 2),
(218, 97, 14, 2),
(219, 93, 9, 2),
(220, 89, 14, 2),
(221, 26, 9, 3),
(222, 46, 9, 3),
(223, 110, 8, 3),
(224, 107, 12, 3),
(225, 95, 13, 3),
(226, 60, 11, 3),
(227, 60, 9, 3),
(228, 92, 15, 3),
(229, 35, 12, 3),
(230, 77, 7, 3),
(231, 26, 15, 4),
(232, 57, 14, 4),
(233, 59, 13, 4),
(234, 78, 10, 4),
(235, 93, 14, 4),
(236, 50, 15, 4),
(237, 36, 15, 4),
(238, 71, 9, 4),
(239, 80, 6, 4),
(240, 56, 9, 4),
(241, 21, 9, 5),
(242, 102, 14, 5),
(243, 57, 7, 5),
(244, 87, 11, 5),
(245, 32, 6, 5),
(246, 44, 6, 5),
(247, 52, 11, 5),
(248, 45, 13, 5),
(249, 20, 7, 5),
(250, 102, 11, 5),
(251, 25, 10, 1),
(252, 117, 6, 1),
(253, 41, 13, 1),
(254, 37, 10, 1),
(255, 64, 6, 1),
(256, 29, 13, 1),
(257, 98, 13, 1),
(258, 113, 7, 1),
(259, 26, 8, 1),
(260, 58, 7, 1),
(261, 101, 14, 2),
(262, 89, 11, 2),
(263, 91, 12, 2),
(264, 84, 13, 2),
(265, 28, 10, 2),
(266, 20, 9, 2),
(267, 76, 6, 2),
(268, 53, 15, 2),
(269, 102, 15, 2),
(270, 117, 6, 2),
(271, 54, 15, 3),
(272, 82, 12, 3),
(273, 118, 10, 3),
(274, 100, 10, 3),
(275, 100, 7, 3),
(276, 31, 15, 3),
(277, 31, 14, 3),
(278, 79, 15, 3),
(279, 57, 11, 3),
(280, 27, 9, 3),
(281, 99, 10, 4),
(282, 117, 13, 4),
(283, 91, 7, 4),
(284, 40, 15, 4),
(285, 104, 14, 4),
(286, 64, 15, 4),
(287, 40, 6, 4),
(288, 72, 10, 4),
(289, 110, 8, 4),
(290, 87, 8, 4),
(291, 110, 8, 5),
(292, 81, 11, 5),
(293, 41, 6, 5),
(294, 118, 7, 5),
(295, 56, 12, 5),
(296, 77, 13, 5),
(297, 116, 10, 5),
(298, 34, 10, 5),
(299, 83, 11, 5),
(300, 88, 11, 5),
(301, 48, 15, 1),
(302, 50, 15, 1),
(303, 74, 14, 1),
(304, 81, 6, 1),
(305, 62, 12, 1),
(306, 83, 9, 1),
(307, 84, 6, 1),
(308, 78, 14, 1),
(309, 35, 8, 1),
(310, 109, 14, 1),
(311, 21, 11, 2),
(312, 66, 11, 2),
(313, 61, 6, 2),
(314, 26, 15, 2),
(315, 50, 13, 2),
(316, 76, 15, 2),
(317, 80, 9, 2),
(318, 115, 12, 2),
(319, 39, 15, 2),
(320, 75, 13, 2),
(321, 76, 7, 3),
(322, 39, 9, 3),
(323, 36, 15, 3),
(324, 105, 10, 3),
(325, 109, 7, 3),
(326, 62, 14, 3),
(327, 81, 13, 3),
(328, 117, 7, 3),
(329, 71, 12, 3),
(330, 59, 8, 3),
(331, 22, 11, 4),
(332, 56, 14, 4),
(333, 102, 10, 4),
(334, 68, 8, 4),
(335, 108, 15, 4),
(336, 29, 12, 4),
(337, 51, 9, 4),
(338, 116, 13, 4),
(339, 59, 12, 4),
(340, 107, 10, 4),
(341, 28, 15, 5),
(342, 103, 15, 5),
(343, 71, 10, 5),
(344, 97, 13, 5),
(345, 92, 10, 5),
(346, 61, 8, 5),
(347, 60, 15, 5),
(348, 29, 15, 5),
(349, 115, 12, 5),
(350, 35, 13, 5),
(351, 20, 15, 1),
(352, 44, 15, 1),
(353, 96, 8, 1),
(354, 64, 6, 1),
(355, 39, 14, 1),
(356, 49, 8, 1),
(357, 58, 6, 1),
(358, 70, 10, 1),
(359, 24, 6, 1),
(360, 115, 15, 1),
(361, 66, 6, 2),
(362, 43, 6, 2),
(363, 44, 12, 2),
(364, 114, 7, 2),
(365, 87, 9, 2),
(366, 93, 8, 2),
(367, 53, 12, 2),
(368, 112, 15, 2),
(369, 90, 7, 2),
(370, 88, 12, 2),
(371, 55, 10, 3),
(372, 45, 15, 3),
(373, 116, 10, 3),
(374, 76, 10, 3),
(375, 65, 15, 3),
(376, 84, 6, 3),
(377, 95, 6, 3),
(378, 65, 7, 3),
(379, 87, 15, 3),
(380, 119, 12, 3),
(381, 33, 12, 4),
(382, 37, 6, 4),
(383, 73, 15, 4),
(384, 88, 12, 4),
(385, 74, 10, 4),
(386, 57, 9, 4),
(387, 42, 10, 4),
(388, 86, 11, 4),
(389, 98, 11, 4),
(390, 85, 13, 4),
(391, 78, 14, 5),
(392, 109, 6, 5),
(393, 83, 12, 5),
(394, 112, 12, 5),
(395, 69, 8, 5),
(396, 71, 15, 5),
(397, 81, 6, 5),
(398, 50, 6, 5),
(399, 96, 8, 5),
(400, 110, 9, 5),
(401, 91, 9, 1),
(402, 60, 7, 1),
(403, 84, 7, 1),
(404, 102, 8, 1),
(405, 66, 8, 1),
(406, 38, 15, 1),
(407, 116, 14, 1),
(408, 22, 7, 1),
(409, 39, 7, 1),
(410, 48, 11, 1),
(411, 89, 14, 2),
(412, 113, 10, 2),
(413, 100, 11, 2),
(414, 101, 8, 2),
(415, 41, 7, 2),
(416, 97, 10, 2),
(417, 107, 10, 2),
(418, 32, 9, 2),
(419, 79, 10, 2),
(420, 20, 13, 2),
(421, 106, 10, 3),
(422, 93, 12, 3),
(423, 97, 11, 3),
(424, 31, 12, 3),
(425, 24, 10, 3),
(426, 25, 7, 3),
(427, 25, 8, 3),
(428, 85, 6, 3),
(429, 39, 8, 3),
(430, 52, 14, 3),
(431, 59, 9, 4),
(432, 23, 12, 4),
(433, 34, 6, 4),
(434, 21, 13, 4),
(435, 22, 12, 4),
(436, 73, 11, 4),
(437, 70, 10, 4),
(438, 117, 14, 4),
(439, 94, 6, 4),
(440, 100, 9, 4),
(441, 37, 7, 5),
(442, 30, 9, 5),
(443, 55, 6, 5),
(444, 59, 11, 5),
(445, 84, 14, 5),
(446, 45, 14, 5),
(447, 63, 13, 5),
(448, 22, 12, 5),
(449, 84, 7, 5),
(450, 62, 12, 5),
(451, 81, 6, 1),
(452, 63, 10, 1),
(453, 83, 10, 1),
(454, 93, 12, 1),
(455, 28, 7, 1),
(456, 68, 12, 1),
(457, 21, 14, 1),
(458, 36, 7, 1),
(459, 76, 6, 1),
(460, 89, 15, 1),
(461, 53, 12, 2),
(462, 22, 7, 2),
(463, 51, 7, 2),
(464, 20, 13, 2),
(465, 104, 14, 2),
(466, 56, 13, 2),
(467, 112, 6, 2),
(468, 77, 13, 2),
(469, 111, 13, 2),
(470, 59, 12, 2),
(471, 99, 13, 3),
(472, 93, 8, 3),
(473, 60, 15, 3),
(474, 96, 10, 3),
(475, 68, 8, 3),
(476, 83, 15, 3),
(477, 119, 12, 3),
(478, 90, 14, 3),
(479, 62, 10, 3),
(480, 36, 9, 3),
(481, 80, 14, 4),
(482, 54, 14, 4),
(483, 47, 8, 4),
(484, 111, 10, 4),
(485, 77, 8, 4),
(486, 33, 10, 4),
(487, 79, 15, 4),
(488, 101, 15, 4),
(489, 65, 7, 4),
(490, 93, 6, 4),
(491, 118, 15, 5),
(492, 55, 13, 5),
(493, 35, 14, 5),
(494, 27, 13, 5),
(495, 26, 7, 5),
(496, 50, 7, 5),
(497, 66, 12, 5),
(498, 33, 11, 5),
(499, 106, 15, 5),
(500, 91, 10, 5),
(501, 70, 15, 1),
(502, 91, 11, 1),
(503, 104, 6, 1),
(504, 25, 12, 1),
(505, 20, 6, 1),
(506, 116, 11, 1),
(507, 76, 9, 1),
(508, 110, 8, 1),
(509, 72, 14, 1),
(510, 34, 10, 1),
(511, 55, 11, 2),
(512, 37, 13, 2),
(513, 32, 10, 2),
(514, 67, 11, 2),
(515, 102, 6, 2),
(516, 46, 15, 2),
(517, 51, 6, 2),
(518, 59, 13, 2),
(519, 21, 10, 2),
(520, 21, 9, 2),
(521, 85, 10, 3),
(522, 30, 6, 3),
(523, 38, 10, 3),
(524, 24, 15, 3),
(525, 81, 7, 3),
(526, 58, 8, 3),
(527, 49, 9, 3),
(528, 82, 7, 3),
(529, 54, 13, 3),
(530, 112, 8, 3),
(531, 40, 9, 4),
(532, 41, 15, 4),
(533, 50, 6, 4),
(534, 27, 15, 4),
(535, 106, 14, 4),
(536, 107, 10, 4),
(537, 67, 8, 4),
(538, 110, 12, 4),
(539, 88, 9, 4),
(540, 43, 12, 4),
(541, 67, 8, 5),
(542, 67, 8, 5),
(543, 72, 11, 5),
(544, 92, 14, 5),
(545, 34, 7, 5),
(546, 31, 12, 5),
(547, 58, 13, 5),
(548, 45, 12, 5),
(549, 101, 12, 5),
(550, 39, 6, 5),
(551, 103, 8, 1),
(552, 53, 8, 1),
(553, 57, 7, 1),
(554, 110, 7, 1),
(555, 44, 12, 1),
(556, 21, 8, 1),
(557, 25, 12, 1),
(558, 105, 13, 1),
(559, 70, 15, 1),
(560, 77, 12, 1),
(561, 42, 10, 2),
(562, 86, 15, 2),
(563, 53, 7, 2),
(564, 103, 7, 2),
(565, 63, 13, 2),
(566, 70, 8, 2),
(567, 68, 12, 2),
(568, 57, 6, 2),
(569, 114, 8, 2),
(570, 39, 9, 2),
(571, 119, 9, 3),
(572, 112, 7, 3),
(573, 87, 14, 3),
(574, 86, 10, 3),
(575, 103, 12, 3),
(576, 37, 9, 3),
(577, 63, 7, 3),
(578, 20, 13, 3),
(579, 78, 15, 3),
(580, 103, 7, 3),
(581, 52, 8, 4),
(582, 37, 7, 4),
(583, 99, 6, 4),
(584, 37, 9, 4),
(585, 53, 6, 4),
(586, 118, 12, 4),
(587, 65, 8, 4),
(588, 61, 8, 4),
(589, 119, 7, 4),
(590, 70, 14, 4),
(591, 68, 14, 5),
(592, 115, 7, 5),
(593, 25, 7, 5),
(594, 44, 9, 5),
(595, 119, 13, 5),
(596, 83, 10, 5),
(597, 66, 13, 5),
(598, 23, 15, 5),
(599, 114, 14, 5),
(600, 24, 15, 5),
(601, 46, 9, 1),
(602, 54, 12, 1),
(603, 54, 8, 1),
(604, 91, 15, 1),
(605, 57, 8, 1),
(606, 112, 14, 1),
(607, 85, 13, 1),
(608, 94, 15, 1),
(609, 35, 7, 1),
(610, 115, 6, 1),
(611, 29, 10, 2),
(612, 26, 10, 2),
(613, 118, 14, 2),
(614, 93, 7, 2),
(615, 38, 10, 2),
(616, 36, 11, 2),
(617, 96, 6, 2),
(618, 81, 7, 2),
(619, 101, 14, 2),
(620, 96, 13, 2),
(621, 82, 6, 3),
(622, 53, 6, 3),
(623, 72, 6, 3),
(624, 33, 14, 3),
(625, 42, 11, 3),
(626, 92, 14, 3),
(627, 115, 14, 3),
(628, 43, 11, 3),
(629, 75, 13, 3),
(630, 41, 10, 3),
(631, 43, 7, 4),
(632, 22, 8, 4),
(633, 93, 14, 4),
(634, 119, 14, 4),
(635, 53, 10, 4),
(636, 55, 14, 4),
(637, 49, 10, 4),
(638, 102, 14, 4),
(639, 34, 6, 4),
(640, 54, 15, 4),
(641, 26, 7, 5),
(642, 46, 8, 5),
(643, 100, 9, 5),
(644, 32, 8, 5),
(645, 113, 7, 5),
(646, 52, 14, 5),
(647, 73, 9, 5),
(648, 104, 12, 5),
(649, 119, 9, 5),
(650, 55, 10, 5),
(651, 107, 12, 1),
(652, 38, 12, 1),
(653, 70, 9, 1),
(654, 78, 9, 1),
(655, 97, 6, 1),
(656, 85, 7, 1),
(657, 32, 11, 1),
(658, 28, 6, 1),
(659, 116, 6, 1),
(660, 23, 13, 1),
(661, 93, 10, 2),
(662, 75, 14, 2),
(663, 75, 11, 2),
(664, 106, 6, 2),
(665, 23, 12, 2),
(666, 27, 10, 2),
(667, 81, 12, 2),
(668, 44, 12, 2),
(669, 23, 10, 2),
(670, 101, 15, 2),
(671, 89, 10, 3),
(672, 60, 6, 3),
(673, 37, 13, 3),
(674, 41, 13, 3),
(675, 72, 10, 3),
(676, 63, 14, 3),
(677, 65, 8, 3),
(678, 114, 15, 3),
(679, 28, 6, 3),
(680, 100, 12, 3),
(681, 66, 10, 4),
(682, 24, 15, 4),
(683, 29, 9, 4),
(684, 116, 15, 4),
(685, 105, 10, 4),
(686, 118, 12, 4),
(687, 108, 6, 4),
(688, 95, 11, 4),
(689, 62, 12, 4),
(690, 53, 13, 4),
(691, 99, 14, 5),
(692, 35, 10, 5),
(693, 119, 8, 5),
(694, 39, 13, 5),
(695, 92, 13, 5),
(696, 53, 7, 5),
(697, 31, 9, 5),
(698, 20, 9, 5),
(699, 119, 13, 5),
(700, 87, 6, 5),
(701, 97, 7, 1),
(702, 78, 13, 1),
(703, 104, 14, 1),
(704, 61, 9, 1),
(705, 34, 14, 1),
(706, 82, 8, 1),
(707, 53, 8, 1),
(708, 89, 15, 1),
(709, 94, 6, 1),
(710, 54, 14, 1),
(711, 99, 9, 2),
(712, 92, 8, 2),
(713, 52, 12, 2),
(714, 113, 12, 2),
(715, 75, 11, 2),
(716, 90, 15, 2),
(717, 31, 9, 2),
(718, 23, 7, 2),
(719, 103, 6, 2),
(720, 56, 8, 2),
(721, 55, 12, 3),
(722, 76, 9, 3),
(723, 76, 10, 3),
(724, 22, 6, 3),
(725, 83, 7, 3),
(726, 24, 15, 3),
(727, 90, 7, 3),
(728, 57, 9, 3),
(729, 23, 11, 3),
(730, 73, 15, 3),
(731, 65, 8, 4),
(732, 54, 14, 4),
(733, 75, 7, 4),
(734, 38, 8, 4),
(735, 115, 7, 4),
(736, 40, 12, 4),
(737, 67, 10, 4),
(738, 116, 13, 4),
(739, 89, 10, 4),
(740, 29, 8, 4),
(741, 79, 8, 5),
(742, 111, 14, 5),
(743, 111, 11, 5),
(744, 85, 11, 5),
(745, 98, 13, 5),
(746, 20, 11, 5),
(747, 96, 15, 5),
(748, 35, 7, 5),
(749, 116, 10, 5),
(750, 112, 9, 5),
(751, 106, 9, 1),
(752, 36, 14, 1),
(753, 96, 15, 1),
(754, 87, 11, 1),
(755, 59, 15, 1),
(756, 102, 14, 1),
(757, 102, 13, 1),
(758, 83, 8, 1),
(759, 115, 12, 1),
(760, 46, 13, 1),
(761, 79, 6, 2),
(762, 59, 10, 2),
(763, 85, 10, 2),
(764, 88, 8, 2),
(765, 78, 9, 2),
(766, 73, 10, 2),
(767, 53, 9, 2),
(768, 61, 13, 2),
(769, 84, 13, 2),
(770, 102, 15, 2),
(771, 107, 9, 3),
(772, 56, 12, 3),
(773, 89, 14, 3),
(774, 29, 8, 3),
(775, 70, 11, 3),
(776, 74, 11, 3),
(777, 32, 8, 3),
(778, 91, 15, 3),
(779, 64, 10, 3),
(780, 53, 13, 3),
(781, 111, 10, 4),
(782, 58, 9, 4),
(783, 55, 15, 4),
(784, 65, 11, 4),
(785, 103, 6, 4),
(786, 119, 14, 4),
(787, 113, 6, 4),
(788, 32, 15, 4),
(789, 26, 15, 4),
(790, 93, 10, 4),
(791, 38, 10, 5),
(792, 102, 7, 5),
(793, 113, 6, 5),
(794, 38, 9, 5),
(795, 26, 10, 5),
(796, 49, 15, 5),
(797, 80, 15, 5),
(798, 60, 9, 5),
(799, 51, 11, 5),
(800, 74, 10, 5),
(801, 96, 7, 1),
(802, 88, 6, 1),
(803, 71, 12, 1),
(804, 47, 11, 1),
(805, 98, 7, 1),
(806, 57, 14, 1),
(807, 20, 15, 1),
(808, 49, 14, 1),
(809, 71, 13, 1),
(810, 118, 9, 1),
(811, 53, 6, 2),
(812, 117, 6, 2),
(813, 79, 14, 2),
(814, 61, 6, 2),
(815, 73, 11, 2),
(816, 79, 12, 2),
(817, 115, 12, 2),
(818, 87, 11, 2),
(819, 67, 7, 2),
(820, 75, 8, 2),
(821, 25, 10, 3),
(822, 82, 6, 3),
(823, 79, 8, 3),
(824, 109, 9, 3),
(825, 25, 13, 3),
(826, 20, 12, 3),
(827, 65, 6, 3),
(828, 104, 11, 3),
(829, 27, 13, 3),
(830, 22, 14, 3),
(831, 30, 10, 4),
(832, 84, 12, 4),
(833, 41, 7, 4),
(834, 20, 13, 4),
(835, 42, 10, 4),
(836, 46, 7, 4),
(837, 95, 9, 4),
(838, 117, 11, 4),
(839, 62, 9, 4),
(840, 45, 13, 4),
(841, 39, 8, 5),
(842, 73, 13, 5),
(843, 79, 14, 5),
(844, 36, 11, 5),
(845, 91, 10, 5),
(846, 26, 15, 5),
(847, 38, 12, 5),
(848, 50, 7, 5),
(849, 56, 9, 5),
(850, 24, 10, 5),
(851, 54, 14, 1),
(852, 68, 10, 1),
(853, 59, 15, 1),
(854, 44, 12, 1),
(855, 74, 14, 1),
(856, 49, 11, 1),
(857, 77, 9, 1),
(858, 42, 13, 1),
(859, 35, 9, 1),
(860, 79, 13, 1),
(861, 78, 12, 2),
(862, 94, 11, 2),
(863, 29, 8, 2),
(864, 32, 12, 2),
(865, 47, 12, 2),
(866, 117, 12, 2),
(867, 87, 15, 2),
(868, 110, 10, 2),
(869, 42, 13, 2),
(870, 67, 12, 2),
(871, 54, 14, 3),
(872, 108, 8, 3),
(873, 85, 8, 3),
(874, 26, 13, 3),
(875, 110, 10, 3),
(876, 41, 15, 3),
(877, 104, 11, 3),
(878, 45, 10, 3),
(879, 89, 13, 3),
(880, 100, 8, 3),
(881, 77, 13, 4),
(882, 80, 12, 4),
(883, 73, 15, 4),
(884, 88, 9, 4),
(885, 107, 7, 4),
(886, 36, 10, 4),
(887, 49, 11, 4),
(888, 47, 12, 4),
(889, 87, 8, 4),
(890, 81, 11, 4),
(891, 75, 9, 5),
(892, 91, 13, 5),
(893, 58, 9, 5),
(894, 34, 9, 5),
(895, 36, 8, 5),
(896, 25, 7, 5),
(897, 102, 6, 5),
(898, 52, 12, 5),
(899, 88, 13, 5),
(900, 86, 15, 5),
(901, 21, 9, 1),
(902, 73, 15, 1),
(903, 94, 10, 1),
(904, 49, 13, 1),
(905, 35, 7, 1),
(906, 29, 15, 1),
(907, 79, 7, 1),
(908, 42, 10, 1),
(909, 110, 14, 1),
(910, 75, 8, 1),
(911, 36, 7, 2),
(912, 20, 10, 2),
(913, 61, 13, 2),
(914, 88, 7, 2),
(915, 57, 11, 2),
(916, 80, 11, 2),
(917, 106, 13, 2),
(918, 57, 8, 2),
(919, 38, 12, 2),
(920, 81, 8, 2),
(921, 28, 12, 3),
(922, 28, 6, 3),
(923, 23, 8, 3),
(924, 61, 14, 3),
(925, 67, 10, 3),
(926, 101, 10, 3),
(927, 59, 10, 3),
(928, 37, 11, 3),
(929, 110, 11, 3),
(930, 22, 13, 3),
(931, 21, 11, 4),
(932, 96, 13, 4),
(933, 55, 12, 4),
(934, 49, 9, 4),
(935, 24, 9, 4),
(936, 86, 11, 4),
(937, 83, 12, 4),
(938, 27, 14, 4),
(939, 56, 7, 4),
(940, 90, 13, 4),
(941, 94, 11, 5),
(942, 32, 8, 5),
(943, 94, 14, 5),
(944, 52, 7, 5),
(945, 30, 9, 5),
(946, 94, 14, 5),
(947, 45, 9, 5),
(948, 87, 6, 5),
(949, 43, 9, 5),
(950, 104, 10, 5),
(951, 80, 12, 1),
(952, 57, 6, 1),
(953, 101, 14, 1),
(954, 101, 7, 1),
(955, 64, 11, 1),
(956, 40, 6, 1),
(957, 29, 7, 1),
(958, 104, 11, 1),
(959, 77, 13, 1),
(960, 106, 14, 1),
(961, 23, 7, 2),
(962, 40, 15, 2),
(963, 103, 8, 2),
(964, 57, 8, 2),
(965, 39, 12, 2),
(966, 113, 12, 2),
(967, 115, 14, 2),
(968, 110, 6, 2),
(969, 110, 12, 2),
(970, 28, 8, 2),
(971, 54, 11, 3),
(972, 111, 13, 3),
(973, 79, 7, 3),
(974, 49, 12, 3),
(975, 38, 13, 3),
(976, 100, 15, 3),
(977, 81, 9, 3),
(978, 83, 12, 3),
(979, 109, 12, 3),
(980, 25, 7, 3),
(981, 101, 11, 4),
(982, 53, 8, 4),
(983, 26, 13, 4),
(984, 35, 9, 4),
(985, 80, 6, 4),
(986, 103, 8, 4),
(987, 98, 9, 4),
(988, 104, 9, 4),
(989, 22, 8, 4),
(990, 84, 7, 4),
(991, 117, 8, 5),
(992, 61, 12, 5),
(993, 108, 8, 5),
(994, 47, 11, 5),
(995, 59, 9, 5),
(996, 95, 8, 5),
(997, 37, 13, 5),
(998, 94, 11, 5),
(999, 65, 7, 5),
(1000, 23, 7, 5),
(1001, 68, 8, 1),
(1002, 33, 8, 1),
(1003, 29, 15, 1),
(1004, 77, 10, 1),
(1005, 100, 9, 1),
(1006, 84, 9, 1),
(1007, 68, 13, 1),
(1008, 76, 14, 1),
(1009, 99, 7, 1),
(1010, 106, 6, 1),
(1011, 24, 10, 2),
(1012, 86, 14, 2),
(1013, 65, 9, 2),
(1014, 37, 6, 2),
(1015, 76, 8, 2),
(1016, 98, 13, 2),
(1017, 26, 14, 2),
(1018, 91, 9, 2),
(1019, 70, 13, 2),
(1020, 36, 10, 2),
(1021, 119, 10, 3),
(1022, 69, 15, 3),
(1023, 78, 6, 3),
(1024, 48, 15, 3),
(1025, 117, 9, 3),
(1026, 54, 11, 3),
(1027, 48, 9, 3),
(1028, 43, 11, 3),
(1029, 77, 12, 3),
(1030, 73, 13, 3),
(1031, 48, 6, 4),
(1032, 93, 9, 4),
(1033, 80, 7, 4),
(1034, 92, 13, 4),
(1035, 33, 7, 4),
(1036, 87, 14, 4),
(1037, 111, 9, 4),
(1038, 69, 10, 4),
(1039, 55, 6, 4),
(1040, 99, 12, 4),
(1041, 98, 10, 5),
(1042, 47, 14, 5),
(1043, 56, 15, 5),
(1044, 78, 10, 5),
(1045, 33, 11, 5),
(1046, 36, 6, 5),
(1047, 110, 13, 5),
(1048, 35, 7, 5),
(1049, 43, 12, 5),
(1050, 60, 9, 5),
(1051, 43, 14, 1),
(1052, 39, 7, 1),
(1053, 109, 7, 1),
(1054, 66, 15, 1),
(1055, 24, 14, 1),
(1056, 47, 7, 1),
(1057, 116, 15, 1),
(1058, 45, 6, 1),
(1059, 26, 10, 1),
(1060, 93, 13, 1),
(1061, 39, 7, 2),
(1062, 118, 8, 2),
(1063, 87, 6, 2),
(1064, 65, 15, 2),
(1065, 47, 13, 2),
(1066, 103, 14, 2),
(1067, 45, 15, 2),
(1068, 45, 15, 2),
(1069, 85, 12, 2),
(1070, 30, 7, 2),
(1071, 114, 9, 3),
(1072, 67, 13, 3),
(1073, 100, 15, 3),
(1074, 98, 8, 3),
(1075, 107, 14, 3),
(1076, 80, 13, 3),
(1077, 84, 10, 3),
(1078, 81, 8, 3),
(1079, 37, 6, 3),
(1080, 66, 7, 3),
(1081, 71, 15, 4),
(1082, 77, 12, 4),
(1083, 53, 8, 4),
(1084, 86, 9, 4),
(1085, 98, 15, 4),
(1086, 97, 12, 4),
(1087, 83, 15, 4),
(1088, 44, 9, 4),
(1089, 92, 10, 4),
(1090, 44, 6, 4),
(1091, 33, 10, 5),
(1092, 111, 11, 5),
(1093, 41, 11, 5),
(1094, 52, 9, 5),
(1095, 56, 6, 5),
(1096, 64, 8, 5),
(1097, 86, 11, 5),
(1098, 106, 7, 5),
(1099, 35, 8, 5),
(1100, 83, 8, 5),
(1101, 77, 11, 1),
(1102, 28, 14, 1),
(1103, 114, 8, 1),
(1104, 105, 12, 1),
(1105, 115, 8, 1),
(1106, 51, 7, 1),
(1107, 109, 7, 1),
(1108, 102, 6, 1),
(1109, 95, 15, 1),
(1110, 20, 6, 1),
(1111, 117, 15, 2),
(1112, 80, 12, 2),
(1113, 38, 11, 2),
(1114, 46, 8, 2),
(1115, 69, 10, 2),
(1116, 50, 15, 2),
(1117, 57, 10, 2),
(1118, 104, 13, 2),
(1119, 71, 9, 2),
(1120, 81, 12, 2),
(1121, 67, 11, 3),
(1122, 28, 6, 3),
(1123, 110, 8, 3),
(1124, 82, 8, 3),
(1125, 51, 12, 3),
(1126, 71, 15, 3),
(1127, 45, 7, 3),
(1128, 72, 12, 3),
(1129, 40, 15, 3),
(1130, 26, 11, 3),
(1131, 60, 12, 4),
(1132, 100, 9, 4),
(1133, 104, 15, 4),
(1134, 99, 14, 4),
(1135, 39, 7, 4),
(1136, 60, 10, 4),
(1137, 59, 6, 4),
(1138, 71, 10, 4),
(1139, 73, 15, 4),
(1140, 85, 9, 4),
(1141, 84, 15, 5),
(1142, 37, 12, 5),
(1143, 65, 11, 5),
(1144, 41, 7, 5),
(1145, 41, 13, 5),
(1146, 32, 14, 5),
(1147, 80, 15, 5),
(1148, 33, 15, 5),
(1149, 42, 7, 5),
(1150, 57, 7, 5),
(1151, 68, 6, 1),
(1152, 62, 10, 1),
(1153, 73, 14, 1),
(1154, 94, 10, 1),
(1155, 32, 13, 1),
(1156, 62, 11, 1),
(1157, 106, 14, 1),
(1158, 23, 7, 1),
(1159, 39, 13, 1),
(1160, 72, 8, 1),
(1161, 82, 12, 2),
(1162, 114, 6, 2),
(1163, 56, 9, 2),
(1164, 68, 10, 2),
(1165, 53, 10, 2),
(1166, 91, 10, 2),
(1167, 22, 10, 2),
(1168, 61, 11, 2),
(1169, 42, 7, 2),
(1170, 21, 9, 2),
(1171, 62, 6, 3),
(1172, 80, 10, 3),
(1173, 66, 12, 3),
(1174, 32, 9, 3),
(1175, 109, 10, 3),
(1176, 111, 9, 3),
(1177, 78, 15, 3),
(1178, 63, 12, 3),
(1179, 71, 10, 3),
(1180, 65, 7, 3),
(1181, 113, 7, 4),
(1182, 65, 8, 4),
(1183, 106, 13, 4),
(1184, 98, 15, 4),
(1185, 93, 8, 4),
(1186, 73, 14, 4),
(1187, 43, 14, 4),
(1188, 45, 10, 4),
(1189, 65, 7, 4),
(1190, 103, 9, 4),
(1191, 48, 6, 5),
(1192, 76, 6, 5),
(1193, 68, 15, 5),
(1194, 104, 13, 5),
(1195, 34, 9, 5),
(1196, 86, 15, 5),
(1197, 108, 7, 5),
(1198, 30, 14, 5),
(1199, 117, 7, 5),
(1200, 96, 14, 5),
(1201, 73, 10, 1),
(1202, 91, 14, 1),
(1203, 104, 6, 1),
(1204, 93, 6, 1),
(1205, 64, 6, 1),
(1206, 117, 8, 1),
(1207, 49, 7, 1),
(1208, 103, 10, 1),
(1209, 91, 14, 1),
(1210, 43, 10, 1),
(1211, 35, 7, 2),
(1212, 33, 10, 2),
(1213, 40, 13, 2),
(1214, 115, 10, 2),
(1215, 58, 9, 2),
(1216, 42, 7, 2),
(1217, 75, 11, 2),
(1218, 70, 9, 2),
(1219, 52, 10, 2),
(1220, 32, 11, 2),
(1221, 20, 10, 3),
(1222, 108, 13, 3),
(1223, 20, 15, 3),
(1224, 101, 10, 3),
(1225, 25, 10, 3),
(1226, 63, 8, 3),
(1227, 84, 10, 3),
(1228, 51, 12, 3),
(1229, 90, 6, 3),
(1230, 103, 15, 3),
(1231, 31, 10, 4),
(1232, 90, 9, 4),
(1233, 21, 9, 4),
(1234, 84, 10, 4),
(1235, 110, 15, 4),
(1236, 77, 10, 4),
(1237, 57, 7, 4),
(1238, 32, 14, 4),
(1239, 77, 9, 4),
(1240, 94, 8, 4),
(1241, 81, 13, 5),
(1242, 49, 10, 5),
(1243, 87, 7, 5),
(1244, 113, 13, 5),
(1245, 25, 15, 5),
(1246, 92, 10, 5),
(1247, 89, 9, 5),
(1248, 49, 13, 5),
(1249, 25, 12, 5),
(1250, 109, 11, 5),
(1251, 101, 12, 1),
(1252, 76, 14, 1),
(1253, 83, 12, 1),
(1254, 30, 8, 1),
(1255, 70, 14, 1),
(1256, 69, 15, 1),
(1257, 41, 10, 1),
(1258, 100, 6, 1),
(1259, 30, 12, 1),
(1260, 85, 11, 1),
(1261, 66, 8, 2),
(1262, 107, 13, 2),
(1263, 87, 10, 2),
(1264, 69, 8, 2),
(1265, 73, 12, 2),
(1266, 54, 11, 2),
(1267, 53, 6, 2),
(1268, 112, 7, 2),
(1269, 111, 13, 2),
(1270, 75, 12, 2),
(1271, 84, 10, 3),
(1272, 61, 7, 3),
(1273, 113, 7, 3),
(1274, 35, 8, 3),
(1275, 110, 12, 3),
(1276, 70, 12, 3),
(1277, 109, 11, 3),
(1278, 34, 12, 3),
(1279, 21, 6, 3),
(1280, 117, 6, 3),
(1281, 95, 10, 4),
(1282, 47, 10, 4),
(1283, 76, 15, 4),
(1284, 33, 10, 4),
(1285, 37, 6, 4),
(1286, 91, 6, 4),
(1287, 116, 10, 4),
(1288, 81, 8, 4),
(1289, 51, 9, 4),
(1290, 73, 13, 4),
(1291, 24, 10, 5),
(1292, 96, 14, 5),
(1293, 21, 14, 5),
(1294, 33, 14, 5),
(1295, 119, 13, 5),
(1296, 90, 14, 5),
(1297, 85, 14, 5),
(1298, 87, 7, 5),
(1299, 104, 8, 5),
(1300, 76, 10, 5),
(1301, 31, 10, 1),
(1302, 63, 6, 1),
(1303, 114, 14, 1),
(1304, 77, 6, 1),
(1305, 21, 12, 1),
(1306, 98, 13, 1),
(1307, 76, 8, 1),
(1308, 58, 11, 1),
(1309, 87, 14, 1),
(1310, 117, 10, 1),
(1311, 54, 13, 2),
(1312, 28, 10, 2),
(1313, 56, 9, 2),
(1314, 100, 15, 2),
(1315, 74, 14, 2),
(1316, 70, 10, 2),
(1317, 36, 14, 2),
(1318, 50, 6, 2),
(1319, 65, 15, 2),
(1320, 113, 15, 2),
(1321, 43, 15, 3),
(1322, 89, 10, 3),
(1323, 23, 7, 3),
(1324, 45, 10, 3),
(1325, 93, 6, 3),
(1326, 73, 14, 3),
(1327, 64, 10, 3),
(1328, 32, 14, 3),
(1329, 119, 12, 3),
(1330, 65, 6, 3),
(1331, 43, 6, 4),
(1332, 32, 13, 4),
(1333, 49, 12, 4),
(1334, 31, 14, 4),
(1335, 45, 10, 4),
(1336, 60, 10, 4),
(1337, 67, 13, 4),
(1338, 72, 15, 4),
(1339, 94, 14, 4),
(1340, 50, 14, 4),
(1341, 84, 15, 5),
(1342, 31, 13, 5),
(1343, 106, 13, 5),
(1344, 64, 6, 5),
(1345, 115, 9, 5),
(1346, 116, 12, 5),
(1347, 67, 9, 5),
(1348, 94, 14, 5),
(1349, 54, 11, 5),
(1350, 110, 6, 5),
(1351, 50, 7, 1),
(1352, 104, 13, 1),
(1353, 60, 9, 1),
(1354, 116, 14, 1),
(1355, 48, 10, 1),
(1356, 113, 8, 1),
(1357, 97, 7, 1),
(1358, 59, 11, 1),
(1359, 82, 11, 1),
(1360, 94, 9, 1),
(1361, 65, 8, 2),
(1362, 73, 13, 2),
(1363, 65, 12, 2),
(1364, 46, 6, 2),
(1365, 44, 11, 2),
(1366, 73, 6, 2),
(1367, 117, 12, 2),
(1368, 83, 7, 2),
(1369, 105, 14, 2),
(1370, 52, 14, 2),
(1371, 29, 6, 3),
(1372, 27, 15, 3),
(1373, 89, 13, 3),
(1374, 79, 14, 3),
(1375, 70, 15, 3),
(1376, 108, 8, 3),
(1377, 53, 15, 3),
(1378, 88, 12, 3),
(1379, 42, 11, 3),
(1380, 105, 8, 3),
(1381, 73, 9, 4),
(1382, 40, 9, 4),
(1383, 90, 8, 4),
(1384, 33, 8, 4),
(1385, 107, 12, 4),
(1386, 86, 11, 4),
(1387, 26, 14, 4),
(1388, 33, 12, 4),
(1389, 88, 10, 4),
(1390, 113, 14, 4),
(1391, 63, 12, 5),
(1392, 27, 9, 5),
(1393, 34, 6, 5),
(1394, 53, 11, 5),
(1395, 67, 9, 5),
(1396, 85, 6, 5),
(1397, 114, 12, 5),
(1398, 72, 15, 5),
(1399, 98, 13, 5),
(1400, 119, 14, 5),
(1401, 91, 10, 1),
(1402, 28, 15, 1),
(1403, 76, 15, 1),
(1404, 107, 6, 1),
(1405, 73, 12, 1),
(1406, 105, 8, 1),
(1407, 48, 9, 1),
(1408, 113, 8, 1),
(1409, 51, 8, 1),
(1410, 30, 7, 1),
(1411, 113, 7, 2),
(1412, 33, 14, 2),
(1413, 104, 13, 2),
(1414, 107, 6, 2),
(1415, 36, 7, 2),
(1416, 87, 10, 2),
(1417, 103, 14, 2),
(1418, 108, 11, 2),
(1419, 42, 10, 2),
(1420, 65, 6, 2),
(1421, 91, 6, 3),
(1422, 97, 12, 3),
(1423, 43, 8, 3),
(1424, 55, 8, 3),
(1425, 21, 12, 3),
(1426, 59, 8, 3),
(1427, 91, 11, 3),
(1428, 68, 14, 3),
(1429, 105, 14, 3),
(1430, 34, 8, 3),
(1431, 39, 11, 4),
(1432, 68, 13, 4),
(1433, 74, 6, 4),
(1434, 75, 15, 4),
(1435, 56, 13, 4),
(1436, 21, 10, 4),
(1437, 93, 8, 4),
(1438, 60, 6, 4),
(1439, 25, 8, 4),
(1440, 74, 14, 4),
(1441, 87, 11, 5),
(1442, 29, 7, 5),
(1443, 23, 14, 5),
(1444, 35, 6, 5),
(1445, 23, 15, 5),
(1446, 79, 15, 5),
(1447, 113, 15, 5),
(1448, 109, 15, 5),
(1449, 40, 15, 5),
(1450, 90, 12, 5),
(1451, 90, 8, 1),
(1452, 52, 11, 1),
(1453, 47, 11, 1),
(1454, 106, 7, 1),
(1455, 67, 12, 1),
(1456, 103, 8, 1),
(1457, 95, 15, 1),
(1458, 105, 11, 1),
(1459, 86, 6, 1),
(1460, 26, 12, 1),
(1461, 103, 10, 2),
(1462, 93, 12, 2),
(1463, 109, 9, 2),
(1464, 49, 6, 2),
(1465, 33, 14, 2),
(1466, 24, 10, 2),
(1467, 37, 9, 2),
(1468, 107, 8, 2),
(1469, 105, 6, 2),
(1470, 80, 11, 2),
(1471, 42, 14, 3),
(1472, 67, 10, 3),
(1473, 35, 13, 3),
(1474, 36, 12, 3),
(1475, 26, 9, 3),
(1476, 48, 14, 3),
(1477, 81, 11, 3),
(1478, 61, 8, 3),
(1479, 104, 7, 3),
(1480, 84, 15, 3),
(1481, 106, 7, 4),
(1482, 74, 6, 4),
(1483, 39, 6, 4),
(1484, 100, 10, 4),
(1485, 88, 10, 4),
(1486, 36, 13, 4),
(1487, 20, 7, 4),
(1488, 43, 7, 4),
(1489, 32, 9, 4),
(1490, 41, 15, 4),
(1491, 112, 8, 5),
(1492, 93, 15, 5),
(1493, 37, 8, 5),
(1494, 96, 10, 5),
(1495, 108, 15, 5),
(1496, 44, 13, 5),
(1497, 112, 15, 5),
(1498, 21, 10, 5),
(1499, 112, 7, 5),
(1500, 80, 10, 5),
(1501, 101, 13, 1),
(1502, 87, 13, 1),
(1503, 91, 9, 1),
(1504, 78, 7, 1),
(1505, 20, 10, 1),
(1506, 117, 6, 1),
(1507, 93, 15, 1),
(1508, 45, 9, 1),
(1509, 52, 15, 1),
(1510, 103, 8, 1),
(1511, 89, 13, 2),
(1512, 77, 14, 2),
(1513, 72, 15, 2),
(1514, 38, 8, 2),
(1515, 37, 11, 2),
(1516, 63, 6, 2),
(1517, 53, 12, 2),
(1518, 65, 11, 2),
(1519, 45, 8, 2),
(1520, 74, 10, 2),
(1521, 105, 6, 3),
(1522, 112, 9, 3),
(1523, 100, 14, 3),
(1524, 36, 9, 3),
(1525, 36, 11, 3),
(1526, 103, 6, 3),
(1527, 83, 12, 3),
(1528, 21, 14, 3),
(1529, 32, 15, 3),
(1530, 97, 13, 3),
(1531, 119, 10, 4),
(1532, 45, 6, 4),
(1533, 82, 15, 4),
(1534, 78, 9, 4),
(1535, 111, 8, 4),
(1536, 87, 6, 4),
(1537, 93, 14, 4),
(1538, 109, 14, 4),
(1539, 113, 9, 4),
(1540, 31, 13, 4),
(1541, 29, 7, 5),
(1542, 61, 12, 5),
(1543, 43, 6, 5),
(1544, 23, 13, 5),
(1545, 70, 10, 5),
(1546, 29, 11, 5),
(1547, 85, 10, 5),
(1548, 20, 6, 5),
(1549, 28, 14, 5),
(1550, 40, 6, 5),
(1551, 94, 10, 1),
(1552, 83, 15, 1),
(1553, 59, 7, 1),
(1554, 110, 15, 1),
(1555, 115, 13, 1),
(1556, 21, 12, 1),
(1557, 85, 9, 1),
(1558, 56, 11, 1),
(1559, 78, 9, 1),
(1560, 89, 7, 1),
(1561, 48, 14, 2),
(1562, 92, 7, 2),
(1563, 114, 10, 2),
(1564, 42, 7, 2),
(1565, 102, 12, 2),
(1566, 47, 6, 2),
(1567, 74, 15, 2),
(1568, 65, 12, 2),
(1569, 119, 7, 2),
(1570, 89, 8, 2),
(1571, 107, 8, 3),
(1572, 72, 8, 3),
(1573, 69, 14, 3),
(1574, 103, 13, 3),
(1575, 92, 6, 3),
(1576, 46, 12, 3),
(1577, 51, 15, 3),
(1578, 40, 9, 3),
(1579, 41, 12, 3),
(1580, 39, 8, 3),
(1581, 92, 8, 4),
(1582, 117, 8, 4),
(1583, 57, 15, 4),
(1584, 102, 6, 4),
(1585, 32, 6, 4),
(1586, 56, 8, 4),
(1587, 66, 9, 4),
(1588, 115, 10, 4),
(1589, 78, 6, 4),
(1590, 111, 14, 4),
(1591, 55, 8, 5),
(1592, 113, 7, 5),
(1593, 98, 7, 5),
(1594, 82, 9, 5),
(1595, 61, 7, 5),
(1596, 113, 14, 5),
(1597, 28, 13, 5),
(1598, 76, 10, 5),
(1599, 45, 12, 5),
(1600, 66, 12, 5),
(1601, 109, 10, 1),
(1602, 115, 14, 1),
(1603, 48, 11, 1),
(1604, 66, 15, 1),
(1605, 61, 15, 1),
(1606, 25, 7, 1),
(1607, 50, 9, 1),
(1608, 105, 15, 1),
(1609, 51, 11, 1),
(1610, 31, 14, 1),
(1611, 64, 6, 2),
(1612, 81, 12, 2),
(1613, 47, 9, 2),
(1614, 41, 11, 2),
(1615, 104, 15, 2),
(1616, 99, 9, 2),
(1617, 60, 15, 2),
(1618, 53, 11, 2),
(1619, 38, 11, 2),
(1620, 109, 10, 2),
(1621, 109, 14, 3),
(1622, 96, 13, 3),
(1623, 96, 8, 3),
(1624, 66, 12, 3),
(1625, 82, 7, 3),
(1626, 50, 15, 3),
(1627, 69, 10, 3),
(1628, 117, 10, 3),
(1629, 39, 8, 3),
(1630, 43, 12, 3),
(1631, 94, 12, 4),
(1632, 25, 10, 4),
(1633, 56, 6, 4),
(1634, 112, 6, 4),
(1635, 83, 14, 4),
(1636, 58, 9, 4),
(1637, 110, 14, 4),
(1638, 33, 8, 4),
(1639, 108, 13, 4),
(1640, 73, 9, 4),
(1641, 32, 12, 5),
(1642, 54, 6, 5),
(1643, 22, 14, 5),
(1644, 66, 9, 5),
(1645, 72, 15, 5),
(1646, 54, 6, 5),
(1647, 38, 11, 5),
(1648, 27, 8, 5),
(1649, 86, 10, 5),
(1650, 108, 12, 5),
(1651, 87, 12, 1),
(1652, 67, 12, 1),
(1653, 80, 9, 1),
(1654, 75, 10, 1),
(1655, 51, 8, 1),
(1656, 55, 8, 1),
(1657, 31, 14, 1),
(1658, 76, 11, 1),
(1659, 34, 12, 1),
(1660, 26, 8, 1),
(1661, 81, 6, 2),
(1662, 47, 15, 2),
(1663, 116, 11, 2),
(1664, 90, 14, 2),
(1665, 41, 12, 2),
(1666, 25, 13, 2),
(1667, 67, 8, 2),
(1668, 20, 14, 2),
(1669, 81, 10, 2),
(1670, 45, 6, 2),
(1671, 98, 12, 3),
(1672, 84, 8, 3),
(1673, 93, 8, 3),
(1674, 62, 11, 3),
(1675, 84, 12, 3),
(1676, 45, 10, 3),
(1677, 82, 10, 3),
(1678, 26, 14, 3),
(1679, 58, 13, 3),
(1680, 54, 15, 3),
(1681, 90, 13, 4),
(1682, 118, 14, 4),
(1683, 38, 11, 4),
(1684, 55, 7, 4),
(1685, 76, 8, 4),
(1686, 23, 6, 4),
(1687, 114, 7, 4),
(1688, 44, 10, 4),
(1689, 51, 9, 4),
(1690, 101, 15, 4),
(1691, 62, 10, 5),
(1692, 25, 6, 5),
(1693, 67, 13, 5),
(1694, 78, 11, 5),
(1695, 99, 12, 5),
(1696, 28, 8, 5),
(1697, 88, 12, 5),
(1698, 109, 11, 5),
(1699, 47, 15, 5),
(1700, 29, 6, 5),
(1701, 36, 11, 1),
(1702, 26, 7, 1),
(1703, 59, 11, 1),
(1704, 72, 7, 1),
(1705, 81, 7, 1),
(1706, 58, 13, 1),
(1707, 32, 9, 1),
(1708, 52, 14, 1),
(1709, 100, 12, 1),
(1710, 30, 8, 1),
(1711, 76, 11, 2),
(1712, 65, 13, 2),
(1713, 21, 8, 2),
(1714, 63, 9, 2),
(1715, 75, 10, 2),
(1716, 27, 9, 2),
(1717, 110, 8, 2),
(1718, 48, 8, 2),
(1719, 21, 8, 2),
(1720, 59, 10, 2),
(1721, 27, 9, 3),
(1722, 21, 10, 3),
(1723, 111, 6, 3),
(1724, 75, 12, 3),
(1725, 37, 13, 3),
(1726, 33, 8, 3),
(1727, 115, 6, 3),
(1728, 21, 10, 3),
(1729, 91, 10, 3),
(1730, 73, 13, 3),
(1731, 89, 6, 4),
(1732, 81, 6, 4),
(1733, 84, 9, 4),
(1734, 68, 7, 4),
(1735, 81, 14, 4),
(1736, 81, 6, 4),
(1737, 100, 9, 4),
(1738, 71, 13, 4),
(1739, 91, 7, 4),
(1740, 55, 9, 4),
(1741, 99, 9, 5),
(1742, 46, 12, 5),
(1743, 37, 8, 5),
(1744, 50, 15, 5),
(1745, 41, 10, 5),
(1746, 74, 14, 5),
(1747, 116, 8, 5),
(1748, 84, 9, 5),
(1749, 100, 15, 5),
(1750, 63, 13, 5),
(1751, 40, 13, 1),
(1752, 37, 12, 1),
(1753, 85, 7, 1),
(1754, 46, 14, 1),
(1755, 118, 7, 1),
(1756, 92, 14, 1),
(1757, 64, 9, 1),
(1758, 45, 8, 1),
(1759, 101, 6, 1),
(1760, 32, 9, 1),
(1761, 102, 12, 2),
(1762, 88, 6, 2),
(1763, 73, 13, 2),
(1764, 53, 10, 2),
(1765, 31, 10, 2),
(1766, 54, 11, 2),
(1767, 113, 6, 2),
(1768, 31, 11, 2),
(1769, 67, 7, 2),
(1770, 83, 7, 2),
(1771, 92, 9, 3),
(1772, 62, 7, 3),
(1773, 32, 9, 3),
(1774, 97, 8, 3),
(1775, 29, 13, 3),
(1776, 37, 11, 3),
(1777, 78, 10, 3),
(1778, 115, 13, 3),
(1779, 117, 7, 3),
(1780, 76, 10, 3),
(1781, 69, 8, 4),
(1782, 27, 14, 4),
(1783, 71, 10, 4),
(1784, 59, 13, 4),
(1785, 29, 14, 4),
(1786, 77, 7, 4),
(1787, 88, 12, 4),
(1788, 112, 13, 4),
(1789, 84, 13, 4),
(1790, 83, 9, 4),
(1791, 83, 9, 5),
(1792, 56, 11, 5),
(1793, 54, 11, 5),
(1794, 61, 14, 5),
(1795, 81, 7, 5),
(1796, 35, 15, 5),
(1797, 79, 6, 5),
(1798, 105, 9, 5),
(1799, 23, 15, 5),
(1800, 102, 15, 5),
(1801, 101, 10, 1),
(1802, 84, 14, 1),
(1803, 21, 15, 1),
(1804, 99, 11, 1),
(1805, 106, 14, 1),
(1806, 68, 8, 1),
(1807, 97, 12, 1),
(1808, 81, 8, 1),
(1809, 64, 15, 1),
(1810, 30, 11, 1),
(1811, 50, 12, 2),
(1812, 46, 8, 2),
(1813, 117, 7, 2),
(1814, 26, 11, 2),
(1815, 113, 8, 2),
(1816, 88, 6, 2),
(1817, 71, 12, 2),
(1818, 70, 8, 2),
(1819, 114, 13, 2),
(1820, 70, 9, 2),
(1821, 26, 14, 3),
(1822, 48, 12, 3),
(1823, 69, 9, 3),
(1824, 48, 11, 3),
(1825, 96, 9, 3),
(1826, 67, 15, 3),
(1827, 106, 10, 3),
(1828, 30, 7, 3),
(1829, 83, 11, 3),
(1830, 20, 11, 3),
(1831, 65, 10, 4),
(1832, 107, 11, 4),
(1833, 74, 14, 4),
(1834, 32, 14, 4),
(1835, 93, 11, 4),
(1836, 116, 14, 4),
(1837, 24, 6, 4),
(1838, 79, 8, 4),
(1839, 115, 12, 4),
(1840, 82, 14, 4),
(1841, 43, 10, 5),
(1842, 72, 13, 5),
(1843, 73, 15, 5),
(1844, 101, 8, 5),
(1845, 32, 9, 5),
(1846, 30, 15, 5),
(1847, 58, 10, 5),
(1848, 57, 6, 5),
(1849, 93, 11, 5),
(1850, 103, 10, 5),
(1851, 58, 12, 1),
(1852, 81, 13, 1),
(1853, 118, 14, 1),
(1854, 64, 10, 1),
(1855, 77, 11, 1),
(1856, 81, 10, 1),
(1857, 110, 13, 1),
(1858, 45, 11, 1),
(1859, 117, 13, 1),
(1860, 52, 14, 1),
(1861, 118, 9, 2),
(1862, 62, 13, 2),
(1863, 97, 13, 2),
(1864, 86, 11, 2),
(1865, 110, 6, 2),
(1866, 115, 6, 2),
(1867, 24, 11, 2),
(1868, 27, 15, 2),
(1869, 29, 11, 2),
(1870, 119, 12, 2),
(1871, 96, 7, 3),
(1872, 97, 8, 3),
(1873, 52, 13, 3),
(1874, 70, 9, 3),
(1875, 95, 14, 3),
(1876, 78, 12, 3),
(1877, 30, 14, 3),
(1878, 90, 10, 3),
(1879, 49, 12, 3),
(1880, 30, 14, 3),
(1881, 94, 10, 4),
(1882, 87, 10, 4),
(1883, 65, 11, 4),
(1884, 90, 6, 4),
(1885, 67, 15, 4),
(1886, 84, 13, 4),
(1887, 109, 9, 4),
(1888, 77, 8, 4),
(1889, 21, 13, 4),
(1890, 66, 13, 4),
(1891, 25, 10, 5),
(1892, 47, 14, 5),
(1893, 65, 8, 5),
(1894, 62, 7, 5),
(1895, 41, 11, 5),
(1896, 41, 10, 5),
(1897, 73, 8, 5),
(1898, 56, 11, 5),
(1899, 75, 9, 5),
(1900, 46, 8, 5),
(1901, 84, 8, 1),
(1902, 56, 11, 1),
(1903, 118, 6, 1),
(1904, 115, 8, 1),
(1905, 111, 14, 1),
(1906, 79, 15, 1),
(1907, 55, 11, 1),
(1908, 58, 12, 1),
(1909, 34, 15, 1),
(1910, 27, 10, 1),
(1911, 85, 9, 2),
(1912, 95, 7, 2),
(1913, 73, 6, 2),
(1914, 100, 9, 2),
(1915, 104, 9, 2),
(1916, 38, 8, 2),
(1917, 65, 13, 2),
(1918, 98, 8, 2),
(1919, 65, 11, 2),
(1920, 48, 8, 2),
(1921, 36, 8, 3),
(1922, 82, 11, 3),
(1923, 107, 8, 3),
(1924, 112, 12, 3),
(1925, 38, 14, 3),
(1926, 40, 10, 3),
(1927, 35, 7, 3),
(1928, 78, 15, 3),
(1929, 96, 10, 3),
(1930, 67, 9, 3),
(1931, 64, 12, 4),
(1932, 25, 12, 4),
(1933, 97, 12, 4),
(1934, 32, 14, 4),
(1935, 108, 7, 4),
(1936, 66, 14, 4),
(1937, 31, 14, 4),
(1938, 37, 14, 4),
(1939, 73, 7, 4),
(1940, 33, 11, 4),
(1941, 64, 15, 5),
(1942, 34, 15, 5),
(1943, 22, 10, 5),
(1944, 81, 6, 5),
(1945, 83, 11, 5),
(1946, 96, 9, 5),
(1947, 98, 6, 5),
(1948, 97, 12, 5),
(1949, 67, 11, 5),
(1950, 68, 15, 5),
(1951, 70, 6, 1),
(1952, 116, 13, 1),
(1953, 117, 9, 1),
(1954, 23, 9, 1),
(1955, 94, 8, 1),
(1956, 114, 10, 1),
(1957, 42, 8, 1),
(1958, 37, 11, 1),
(1959, 67, 10, 1),
(1960, 85, 12, 1),
(1961, 39, 13, 2),
(1962, 70, 11, 2),
(1963, 29, 11, 2),
(1964, 29, 9, 2),
(1965, 29, 10, 2),
(1966, 85, 12, 2),
(1967, 21, 11, 2),
(1968, 59, 6, 2),
(1969, 117, 12, 2),
(1970, 62, 14, 2),
(1971, 119, 13, 3),
(1972, 98, 9, 3),
(1973, 56, 7, 3),
(1974, 107, 11, 3),
(1975, 68, 8, 3),
(1976, 27, 8, 3),
(1977, 48, 14, 3),
(1978, 105, 13, 3),
(1979, 48, 15, 3),
(1980, 43, 9, 3),
(1981, 42, 12, 4),
(1982, 40, 11, 4),
(1983, 100, 7, 4),
(1984, 44, 9, 4),
(1985, 38, 7, 4),
(1986, 71, 11, 4),
(1987, 42, 12, 4),
(1988, 94, 15, 4),
(1989, 100, 14, 4),
(1990, 41, 9, 4),
(1991, 69, 11, 5),
(1992, 116, 14, 5),
(1993, 76, 14, 5),
(1994, 50, 14, 5),
(1995, 43, 8, 5),
(1996, 57, 10, 5),
(1997, 78, 11, 5),
(1998, 68, 14, 5),
(1999, 32, 10, 5),
(2000, 56, 12, 5),
(2001, 64, 9, 1),
(2002, 118, 6, 1),
(2003, 31, 11, 1),
(2004, 106, 10, 1),
(2005, 102, 8, 1),
(2006, 48, 9, 1),
(2007, 26, 9, 1),
(2008, 57, 14, 1),
(2009, 69, 13, 1),
(2010, 85, 7, 1),
(2011, 72, 14, 2),
(2012, 32, 15, 2),
(2013, 43, 9, 2),
(2014, 94, 13, 2),
(2015, 32, 13, 2),
(2016, 60, 14, 2),
(2017, 98, 15, 2),
(2018, 87, 14, 2),
(2019, 42, 8, 2),
(2020, 102, 9, 2),
(2021, 65, 8, 3),
(2022, 60, 8, 3),
(2023, 56, 12, 3),
(2024, 70, 13, 3),
(2025, 69, 15, 3),
(2026, 113, 14, 3),
(2027, 27, 7, 3),
(2028, 105, 6, 3),
(2029, 115, 11, 3),
(2030, 55, 12, 3),
(2031, 93, 9, 4),
(2032, 32, 6, 4),
(2033, 117, 15, 4),
(2034, 79, 9, 4),
(2035, 36, 8, 4),
(2036, 69, 7, 4),
(2037, 51, 7, 4),
(2038, 57, 10, 4),
(2039, 72, 8, 4),
(2040, 118, 11, 4),
(2041, 49, 11, 5),
(2042, 49, 14, 5),
(2043, 110, 8, 5),
(2044, 109, 8, 5),
(2045, 117, 13, 5),
(2046, 46, 7, 5),
(2047, 23, 11, 5),
(2048, 68, 11, 5),
(2049, 37, 9, 5),
(2050, 83, 10, 5),
(2051, 31, 6, 1),
(2052, 93, 8, 1),
(2053, 54, 9, 1),
(2054, 107, 14, 1),
(2055, 82, 12, 1),
(2056, 118, 12, 1),
(2057, 84, 10, 1),
(2058, 21, 14, 1),
(2059, 97, 14, 1),
(2060, 28, 14, 1),
(2061, 62, 13, 2),
(2062, 45, 14, 2),
(2063, 109, 15, 2),
(2064, 27, 14, 2),
(2065, 114, 14, 2),
(2066, 25, 15, 2),
(2067, 108, 7, 2),
(2068, 61, 15, 2),
(2069, 30, 6, 2),
(2070, 114, 15, 2),
(2071, 53, 6, 3),
(2072, 35, 8, 3),
(2073, 38, 9, 3),
(2074, 114, 14, 3),
(2075, 68, 8, 3),
(2076, 80, 11, 3),
(2077, 52, 9, 3),
(2078, 82, 14, 3),
(2079, 20, 8, 3),
(2080, 64, 13, 3),
(2081, 95, 10, 4),
(2082, 89, 6, 4),
(2083, 77, 12, 4),
(2084, 74, 14, 4),
(2085, 62, 13, 4),
(2086, 99, 15, 4),
(2087, 108, 14, 4),
(2088, 61, 6, 4),
(2089, 86, 7, 4),
(2090, 101, 15, 4),
(2091, 114, 6, 5),
(2092, 52, 14, 5),
(2093, 58, 9, 5),
(2094, 98, 13, 5),
(2095, 51, 6, 5),
(2096, 22, 7, 5),
(2097, 70, 9, 5),
(2098, 52, 11, 5),
(2099, 75, 8, 5),
(2100, 98, 11, 5),
(2101, 47, 9, 1),
(2102, 98, 8, 1),
(2103, 100, 11, 1),
(2104, 65, 13, 1),
(2105, 65, 9, 1),
(2106, 83, 10, 1),
(2107, 112, 7, 1),
(2108, 69, 9, 1),
(2109, 94, 14, 1),
(2110, 44, 9, 1),
(2111, 28, 14, 2),
(2112, 58, 11, 2),
(2113, 115, 9, 2),
(2114, 51, 10, 2),
(2115, 88, 9, 2),
(2116, 81, 7, 2),
(2117, 32, 7, 2),
(2118, 98, 10, 2),
(2119, 29, 13, 2),
(2120, 75, 14, 2),
(2121, 46, 12, 3),
(2122, 75, 10, 3),
(2123, 67, 14, 3),
(2124, 64, 15, 3),
(2125, 20, 7, 3),
(2126, 73, 10, 3),
(2127, 47, 8, 3),
(2128, 43, 15, 3),
(2129, 105, 13, 3),
(2130, 74, 10, 3),
(2131, 66, 9, 4),
(2132, 83, 6, 4),
(2133, 104, 9, 4),
(2134, 118, 10, 4),
(2135, 79, 10, 4),
(2136, 98, 13, 4),
(2137, 98, 15, 4),
(2138, 79, 12, 4),
(2139, 118, 12, 4),
(2140, 103, 11, 4),
(2141, 118, 6, 5),
(2142, 57, 7, 5),
(2143, 81, 8, 5),
(2144, 106, 9, 5),
(2145, 46, 8, 5),
(2146, 104, 6, 5),
(2147, 46, 12, 5),
(2148, 33, 7, 5),
(2149, 103, 7, 5),
(2150, 22, 8, 5),
(2151, 113, 15, 1),
(2152, 72, 6, 1),
(2153, 86, 8, 1),
(2154, 63, 12, 1),
(2155, 52, 12, 1),
(2156, 95, 12, 1),
(2157, 83, 9, 1),
(2158, 59, 11, 1),
(2159, 88, 8, 1),
(2160, 90, 9, 1),
(2161, 83, 10, 2),
(2162, 35, 13, 2),
(2163, 113, 11, 2),
(2164, 86, 7, 2),
(2165, 70, 12, 2),
(2166, 97, 9, 2),
(2167, 70, 13, 2),
(2168, 30, 14, 2),
(2169, 86, 15, 2),
(2170, 76, 7, 2),
(2171, 115, 6, 3),
(2172, 107, 8, 3),
(2173, 49, 12, 3),
(2174, 119, 11, 3),
(2175, 98, 13, 3),
(2176, 71, 14, 3),
(2177, 73, 10, 3),
(2178, 54, 11, 3),
(2179, 105, 7, 3),
(2180, 48, 15, 3),
(2181, 114, 11, 4),
(2182, 32, 14, 4),
(2183, 105, 15, 4),
(2184, 102, 6, 4),
(2185, 59, 13, 4),
(2186, 80, 10, 4),
(2187, 103, 11, 4),
(2188, 69, 12, 4),
(2189, 110, 10, 4),
(2190, 45, 11, 4),
(2191, 36, 10, 5),
(2192, 101, 14, 5),
(2193, 108, 12, 5),
(2194, 41, 9, 5),
(2195, 72, 15, 5),
(2196, 30, 15, 5),
(2197, 107, 12, 5),
(2198, 26, 6, 5),
(2199, 30, 7, 5),
(2200, 98, 15, 5),
(2201, 89, 8, 1),
(2202, 56, 8, 1),
(2203, 46, 9, 1),
(2204, 80, 15, 1),
(2205, 27, 14, 1),
(2206, 44, 15, 1),
(2207, 92, 9, 1),
(2208, 53, 14, 1),
(2209, 22, 6, 1),
(2210, 24, 10, 1),
(2211, 98, 11, 2),
(2212, 45, 14, 2),
(2213, 51, 10, 2),
(2214, 85, 15, 2),
(2215, 83, 13, 2),
(2216, 50, 9, 2),
(2217, 92, 15, 2),
(2218, 91, 15, 2),
(2219, 72, 15, 2),
(2220, 57, 10, 2),
(2221, 92, 14, 3),
(2222, 105, 9, 3),
(2223, 91, 11, 3),
(2224, 116, 13, 3),
(2225, 91, 6, 3),
(2226, 28, 6, 3),
(2227, 109, 12, 3),
(2228, 71, 8, 3),
(2229, 116, 14, 3),
(2230, 25, 15, 3),
(2231, 53, 9, 4),
(2232, 40, 14, 4),
(2233, 83, 12, 4),
(2234, 81, 8, 4),
(2235, 34, 13, 4),
(2236, 72, 9, 4),
(2237, 31, 11, 4),
(2238, 99, 7, 4),
(2239, 23, 10, 4),
(2240, 92, 12, 4),
(2241, 115, 11, 5),
(2242, 25, 12, 5),
(2243, 49, 12, 5),
(2244, 27, 12, 5),
(2245, 65, 10, 5),
(2246, 118, 15, 5),
(2247, 59, 11, 5),
(2248, 76, 6, 5),
(2249, 37, 14, 5),
(2250, 114, 7, 5),
(2251, 35, 10, 1),
(2252, 106, 7, 1),
(2253, 69, 9, 1),
(2254, 68, 11, 1),
(2255, 67, 13, 1),
(2256, 97, 7, 1),
(2257, 40, 8, 1),
(2258, 58, 11, 1),
(2259, 98, 12, 1),
(2260, 59, 11, 1),
(2261, 39, 15, 2),
(2262, 51, 7, 2),
(2263, 60, 8, 2),
(2264, 38, 15, 2),
(2265, 78, 6, 2),
(2266, 42, 15, 2),
(2267, 92, 14, 2),
(2268, 59, 8, 2),
(2269, 96, 13, 2),
(2270, 32, 13, 2),
(2271, 40, 13, 3),
(2272, 118, 9, 3),
(2273, 34, 9, 3),
(2274, 59, 12, 3),
(2275, 85, 14, 3),
(2276, 30, 14, 3),
(2277, 96, 11, 3),
(2278, 44, 6, 3),
(2279, 108, 15, 3),
(2280, 112, 12, 3),
(2281, 52, 11, 4),
(2282, 35, 10, 4),
(2283, 108, 11, 4),
(2284, 77, 14, 4),
(2285, 30, 15, 4),
(2286, 112, 12, 4),
(2287, 65, 6, 4),
(2288, 93, 12, 4),
(2289, 37, 14, 4),
(2290, 29, 15, 4),
(2291, 73, 13, 5),
(2292, 63, 8, 5),
(2293, 99, 13, 5),
(2294, 30, 12, 5),
(2295, 23, 13, 5),
(2296, 107, 9, 5),
(2297, 100, 7, 5),
(2298, 65, 11, 5),
(2299, 38, 14, 5),
(2300, 66, 10, 5),
(2301, 31, 8, 1),
(2302, 99, 10, 1),
(2303, 114, 6, 1),
(2304, 32, 6, 1),
(2305, 46, 7, 1),
(2306, 102, 9, 1),
(2307, 74, 15, 1),
(2308, 23, 7, 1),
(2309, 116, 6, 1),
(2310, 97, 10, 1),
(2311, 99, 8, 2),
(2312, 107, 14, 2),
(2313, 94, 13, 2),
(2314, 45, 13, 2),
(2315, 35, 14, 2),
(2316, 87, 15, 2),
(2317, 70, 13, 2),
(2318, 81, 14, 2),
(2319, 69, 6, 2),
(2320, 97, 10, 2),
(2321, 70, 13, 3),
(2322, 64, 15, 3),
(2323, 77, 12, 3),
(2324, 78, 15, 3),
(2325, 72, 12, 3),
(2326, 103, 10, 3),
(2327, 83, 13, 3),
(2328, 65, 8, 3),
(2329, 79, 8, 3),
(2330, 48, 6, 3),
(2331, 99, 7, 4),
(2332, 118, 8, 4),
(2333, 91, 9, 4),
(2334, 61, 6, 4),
(2335, 78, 12, 4),
(2336, 74, 15, 4),
(2337, 86, 11, 4),
(2338, 93, 6, 4),
(2339, 60, 14, 4),
(2340, 33, 8, 4),
(2341, 41, 13, 5),
(2342, 57, 12, 5),
(2343, 30, 13, 5),
(2344, 33, 15, 5),
(2345, 60, 8, 5),
(2346, 65, 9, 5),
(2347, 32, 10, 5),
(2348, 115, 12, 5),
(2349, 117, 8, 5),
(2350, 113, 7, 5),
(2351, 74, 11, 1),
(2352, 21, 14, 1),
(2353, 106, 11, 1),
(2354, 26, 8, 1),
(2355, 68, 11, 1),
(2356, 105, 12, 1),
(2357, 114, 9, 1),
(2358, 112, 10, 1),
(2359, 105, 7, 1),
(2360, 43, 8, 1),
(2361, 112, 13, 2),
(2362, 49, 7, 2),
(2363, 72, 8, 2),
(2364, 63, 7, 2),
(2365, 28, 6, 2),
(2366, 105, 10, 2),
(2367, 49, 8, 2),
(2368, 45, 12, 2),
(2369, 84, 9, 2),
(2370, 107, 14, 2),
(2371, 107, 14, 3),
(2372, 99, 11, 3),
(2373, 70, 13, 3),
(2374, 67, 6, 3),
(2375, 90, 12, 3),
(2376, 62, 14, 3),
(2377, 108, 13, 3),
(2378, 78, 7, 3),
(2379, 79, 10, 3),
(2380, 22, 13, 3),
(2381, 103, 13, 4),
(2382, 71, 6, 4),
(2383, 96, 6, 4),
(2384, 28, 11, 4),
(2385, 43, 9, 4),
(2386, 69, 11, 4),
(2387, 56, 6, 4),
(2388, 110, 10, 4),
(2389, 52, 9, 4),
(2390, 92, 11, 4),
(2391, 85, 10, 5),
(2392, 52, 13, 5),
(2393, 23, 8, 5),
(2394, 60, 7, 5),
(2395, 24, 7, 5),
(2396, 93, 14, 5),
(2397, 99, 14, 5),
(2398, 119, 7, 5),
(2399, 22, 14, 5),
(2400, 20, 13, 5),
(2401, 20, 15, 1),
(2402, 60, 7, 1),
(2403, 52, 7, 1),
(2404, 56, 9, 1),
(2405, 46, 10, 1),
(2406, 29, 7, 1),
(2407, 25, 6, 1),
(2408, 27, 11, 1),
(2409, 90, 6, 1),
(2410, 119, 8, 1),
(2411, 35, 12, 2),
(2412, 46, 15, 2),
(2413, 105, 10, 2),
(2414, 43, 12, 2),
(2415, 61, 8, 2),
(2416, 56, 6, 2),
(2417, 71, 11, 2),
(2418, 63, 13, 2),
(2419, 59, 11, 2),
(2420, 113, 8, 2),
(2421, 95, 12, 3),
(2422, 106, 15, 3),
(2423, 94, 14, 3),
(2424, 100, 12, 3),
(2425, 25, 8, 3),
(2426, 33, 15, 3),
(2427, 96, 13, 3),
(2428, 99, 9, 3),
(2429, 109, 6, 3),
(2430, 45, 6, 3),
(2431, 34, 12, 4),
(2432, 26, 7, 4),
(2433, 101, 7, 4),
(2434, 76, 11, 4),
(2435, 34, 8, 4),
(2436, 85, 11, 4),
(2437, 51, 10, 4),
(2438, 108, 9, 4),
(2439, 28, 8, 4),
(2440, 85, 10, 4),
(2441, 103, 7, 5),
(2442, 37, 6, 5),
(2443, 113, 10, 5),
(2444, 98, 12, 5),
(2445, 118, 7, 5),
(2446, 81, 9, 5),
(2447, 115, 9, 5),
(2448, 70, 8, 5),
(2449, 106, 12, 5),
(2450, 24, 12, 5),
(2451, 30, 8, 1),
(2452, 26, 11, 1),
(2453, 49, 10, 1),
(2454, 64, 12, 1),
(2455, 67, 10, 1),
(2456, 115, 11, 1),
(2457, 54, 10, 1),
(2458, 106, 6, 1),
(2459, 115, 7, 1),
(2460, 46, 11, 1),
(2461, 94, 8, 2),
(2462, 49, 10, 2),
(2463, 116, 13, 2),
(2464, 73, 8, 2),
(2465, 104, 6, 2),
(2466, 56, 8, 2),
(2467, 56, 10, 2),
(2468, 28, 10, 2),
(2469, 116, 9, 2),
(2470, 37, 12, 2),
(2471, 35, 8, 3),
(2472, 87, 9, 3),
(2473, 63, 10, 3),
(2474, 24, 7, 3),
(2475, 58, 14, 3),
(2476, 87, 9, 3),
(2477, 60, 8, 3),
(2478, 66, 14, 3),
(2479, 43, 12, 3),
(2480, 71, 9, 3),
(2481, 30, 6, 4),
(2482, 76, 9, 4),
(2483, 40, 8, 4),
(2484, 31, 11, 4),
(2485, 118, 14, 4),
(2486, 35, 11, 4),
(2487, 61, 8, 4),
(2488, 26, 15, 4),
(2489, 93, 9, 4),
(2490, 52, 14, 4),
(2491, 41, 14, 5),
(2492, 89, 12, 5),
(2493, 77, 10, 5),
(2494, 21, 6, 5),
(2495, 118, 11, 5),
(2496, 27, 9, 5),
(2497, 38, 12, 5),
(2498, 39, 7, 5),
(2499, 99, 13, 5),
(2500, 41, 10, 5),
(2501, 20, 14, 1),
(2502, 110, 7, 1),
(2503, 42, 14, 1),
(2504, 104, 10, 1),
(2505, 96, 10, 1),
(2506, 116, 6, 1),
(2507, 118, 9, 1),
(2508, 101, 12, 1),
(2509, 88, 10, 1),
(2510, 83, 7, 1),
(2511, 72, 7, 2),
(2512, 111, 11, 2),
(2513, 68, 12, 2),
(2514, 26, 11, 2),
(2515, 97, 8, 2),
(2516, 77, 8, 2),
(2517, 85, 8, 2),
(2518, 103, 10, 2),
(2519, 94, 6, 2),
(2520, 44, 14, 2),
(2521, 44, 7, 3),
(2522, 98, 11, 3),
(2523, 61, 14, 3),
(2524, 87, 13, 3),
(2525, 53, 11, 3),
(2526, 29, 13, 3),
(2527, 102, 12, 3),
(2528, 57, 6, 3),
(2529, 44, 10, 3),
(2530, 54, 9, 3),
(2531, 56, 13, 4),
(2532, 86, 11, 4),
(2533, 72, 10, 4),
(2534, 90, 12, 4),
(2535, 103, 11, 4),
(2536, 91, 13, 4),
(2537, 105, 14, 4),
(2538, 107, 10, 4),
(2539, 99, 15, 4),
(2540, 38, 6, 4),
(2541, 102, 13, 5),
(2542, 113, 11, 5),
(2543, 38, 6, 5),
(2544, 64, 14, 5),
(2545, 25, 11, 5),
(2546, 101, 10, 5),
(2547, 72, 10, 5),
(2548, 98, 11, 5),
(2549, 110, 12, 5),
(2550, 56, 9, 5),
(2551, 21, 13, 1),
(2552, 87, 7, 1),
(2553, 22, 11, 1),
(2554, 104, 8, 1),
(2555, 42, 9, 1),
(2556, 83, 10, 1),
(2557, 32, 8, 1),
(2558, 109, 11, 1),
(2559, 84, 14, 1),
(2560, 49, 12, 1),
(2561, 44, 12, 2),
(2562, 70, 7, 2),
(2563, 113, 10, 2),
(2564, 48, 8, 2),
(2565, 89, 9, 2),
(2566, 24, 8, 2),
(2567, 85, 10, 2),
(2568, 95, 10, 2),
(2569, 107, 13, 2),
(2570, 21, 9, 2),
(2571, 22, 14, 3),
(2572, 53, 7, 3),
(2573, 97, 12, 3),
(2574, 51, 12, 3),
(2575, 83, 15, 3),
(2576, 21, 15, 3),
(2577, 21, 8, 3),
(2578, 67, 13, 3),
(2579, 81, 14, 3),
(2580, 86, 8, 3),
(2581, 20, 13, 4),
(2582, 83, 11, 4),
(2583, 58, 6, 4),
(2584, 75, 7, 4),
(2585, 101, 12, 4),
(2586, 113, 7, 4),
(2587, 81, 9, 4),
(2588, 81, 9, 4),
(2589, 100, 7, 4),
(2590, 85, 14, 4),
(2591, 115, 9, 5),
(2592, 89, 9, 5),
(2593, 38, 13, 5),
(2594, 67, 13, 5),
(2595, 117, 15, 5),
(2596, 28, 14, 5),
(2597, 88, 12, 5),
(2598, 108, 8, 5),
(2599, 67, 11, 5),
(2600, 43, 9, 5),
(2601, 24, 12, 1),
(2602, 34, 12, 1),
(2603, 23, 10, 1),
(2604, 85, 13, 1),
(2605, 30, 12, 1),
(2606, 25, 9, 1),
(2607, 78, 13, 1),
(2608, 99, 9, 1),
(2609, 102, 12, 1),
(2610, 103, 15, 1),
(2611, 86, 12, 2),
(2612, 88, 12, 2),
(2613, 29, 15, 2),
(2614, 82, 9, 2),
(2615, 70, 9, 2),
(2616, 86, 7, 2),
(2617, 84, 10, 2),
(2618, 48, 6, 2),
(2619, 38, 8, 2),
(2620, 88, 8, 2),
(2621, 31, 10, 3),
(2622, 103, 14, 3),
(2623, 102, 12, 3),
(2624, 24, 9, 3),
(2625, 66, 9, 3),
(2626, 89, 8, 3),
(2627, 67, 11, 3),
(2628, 116, 12, 3),
(2629, 116, 10, 3),
(2630, 54, 8, 3),
(2631, 28, 13, 4),
(2632, 31, 8, 4),
(2633, 87, 15, 4),
(2634, 29, 11, 4),
(2635, 24, 11, 4),
(2636, 70, 11, 4),
(2637, 43, 11, 4),
(2638, 69, 9, 4),
(2639, 98, 14, 4),
(2640, 29, 6, 4),
(2641, 46, 13, 5),
(2642, 109, 8, 5),
(2643, 61, 9, 5),
(2644, 22, 7, 5),
(2645, 26, 6, 5),
(2646, 53, 14, 5),
(2647, 111, 15, 5),
(2648, 59, 15, 5),
(2649, 93, 14, 5),
(2650, 116, 14, 5),
(2651, 45, 8, 1),
(2652, 49, 10, 1),
(2653, 90, 15, 1),
(2654, 52, 7, 1),
(2655, 32, 7, 1),
(2656, 84, 7, 1),
(2657, 31, 15, 1),
(2658, 65, 11, 1),
(2659, 59, 14, 1),
(2660, 78, 14, 1),
(2661, 73, 11, 2),
(2662, 69, 6, 2),
(2663, 36, 7, 2),
(2664, 85, 11, 2),
(2665, 116, 8, 2),
(2666, 27, 12, 2),
(2667, 28, 15, 2),
(2668, 68, 14, 2),
(2669, 117, 13, 2),
(2670, 80, 15, 2),
(2671, 98, 8, 3),
(2672, 108, 15, 3),
(2673, 41, 15, 3),
(2674, 105, 10, 3),
(2675, 69, 9, 3),
(2676, 62, 11, 3),
(2677, 45, 15, 3),
(2678, 93, 9, 3),
(2679, 119, 7, 3),
(2680, 99, 7, 3),
(2681, 67, 7, 4),
(2682, 35, 6, 4),
(2683, 27, 10, 4),
(2684, 103, 13, 4),
(2685, 31, 8, 4),
(2686, 102, 12, 4),
(2687, 41, 10, 4),
(2688, 99, 8, 4),
(2689, 39, 12, 4),
(2690, 118, 11, 4),
(2691, 87, 13, 5),
(2692, 98, 9, 5),
(2693, 45, 9, 5),
(2694, 89, 7, 5),
(2695, 29, 12, 5),
(2696, 99, 9, 5),
(2697, 34, 14, 5),
(2698, 100, 10, 5),
(2699, 95, 13, 5),
(2700, 103, 10, 5),
(2701, 77, 11, 1),
(2702, 40, 11, 1),
(2703, 96, 14, 1),
(2704, 91, 15, 1),
(2705, 79, 15, 1),
(2706, 118, 7, 1),
(2707, 32, 10, 1),
(2708, 68, 6, 1),
(2709, 45, 7, 1),
(2710, 39, 13, 1),
(2711, 20, 15, 2),
(2712, 38, 7, 2),
(2713, 107, 14, 2),
(2714, 51, 15, 2),
(2715, 69, 13, 2),
(2716, 106, 6, 2),
(2717, 95, 13, 2),
(2718, 37, 10, 2),
(2719, 33, 7, 2),
(2720, 80, 15, 2),
(2721, 63, 8, 3),
(2722, 30, 13, 3),
(2723, 52, 15, 3),
(2724, 95, 9, 3),
(2725, 114, 7, 3),
(2726, 68, 12, 3),
(2727, 43, 15, 3),
(2728, 70, 15, 3),
(2729, 58, 10, 3),
(2730, 114, 10, 3),
(2731, 84, 14, 4),
(2732, 66, 15, 4),
(2733, 43, 11, 4),
(2734, 85, 8, 4),
(2735, 106, 12, 4),
(2736, 20, 9, 4),
(2737, 36, 8, 4),
(2738, 69, 15, 4),
(2739, 23, 8, 4),
(2740, 68, 7, 4),
(2741, 39, 10, 5),
(2742, 103, 8, 5),
(2743, 76, 14, 5),
(2744, 72, 14, 5),
(2745, 117, 14, 5),
(2746, 91, 13, 5),
(2747, 21, 13, 5),
(2748, 84, 13, 5),
(2749, 47, 11, 5),
(2750, 95, 11, 5),
(2751, 93, 6, 1),
(2752, 44, 7, 1),
(2753, 85, 11, 1),
(2754, 101, 7, 1),
(2755, 60, 9, 1),
(2756, 60, 8, 1),
(2757, 111, 7, 1),
(2758, 81, 10, 1),
(2759, 29, 10, 1),
(2760, 117, 12, 1),
(2761, 89, 9, 2),
(2762, 87, 14, 2),
(2763, 86, 7, 2),
(2764, 48, 8, 2),
(2765, 45, 9, 2),
(2766, 118, 15, 2),
(2767, 63, 10, 2),
(2768, 95, 9, 2),
(2769, 116, 6, 2),
(2770, 36, 8, 2),
(2771, 27, 9, 3),
(2772, 64, 7, 3),
(2773, 53, 13, 3),
(2774, 101, 11, 3),
(2775, 37, 11, 3),
(2776, 60, 8, 3),
(2777, 77, 12, 3),
(2778, 59, 9, 3),
(2779, 62, 15, 3),
(2780, 109, 7, 3),
(2781, 111, 9, 4),
(2782, 27, 10, 4),
(2783, 45, 10, 4),
(2784, 95, 15, 4),
(2785, 90, 11, 4),
(2786, 66, 11, 4),
(2787, 67, 14, 4),
(2788, 48, 12, 4),
(2789, 55, 11, 4),
(2790, 99, 15, 4),
(2791, 66, 7, 5),
(2792, 40, 13, 5),
(2793, 78, 6, 5),
(2794, 109, 9, 5),
(2795, 118, 6, 5),
(2796, 87, 14, 5),
(2797, 57, 14, 5),
(2798, 66, 13, 5),
(2799, 32, 12, 5),
(2800, 68, 6, 5),
(2801, 96, 10, 1),
(2802, 104, 8, 1),
(2803, 95, 12, 1),
(2804, 36, 11, 1),
(2805, 31, 15, 1),
(2806, 77, 14, 1),
(2807, 52, 10, 1),
(2808, 111, 13, 1),
(2809, 43, 7, 1),
(2810, 103, 6, 1),
(2811, 22, 15, 2),
(2812, 75, 13, 2),
(2813, 104, 14, 2),
(2814, 65, 12, 2),
(2815, 34, 12, 2),
(2816, 58, 12, 2),
(2817, 65, 9, 2),
(2818, 58, 9, 2),
(2819, 107, 7, 2),
(2820, 48, 11, 2),
(2821, 38, 6, 3),
(2822, 112, 15, 3),
(2823, 44, 6, 3),
(2824, 71, 7, 3),
(2825, 106, 12, 3),
(2826, 59, 8, 3),
(2827, 38, 6, 3),
(2828, 58, 11, 3),
(2829, 92, 6, 3),
(2830, 100, 15, 3),
(2831, 32, 7, 4),
(2832, 103, 10, 4),
(2833, 71, 10, 4),
(2834, 22, 8, 4),
(2835, 56, 15, 4),
(2836, 50, 13, 4),
(2837, 95, 12, 4),
(2838, 92, 14, 4),
(2839, 98, 7, 4),
(2840, 84, 10, 4),
(2841, 29, 12, 5),
(2842, 102, 14, 5),
(2843, 45, 14, 5),
(2844, 34, 8, 5),
(2845, 20, 14, 5),
(2846, 66, 9, 5),
(2847, 94, 15, 5),
(2848, 108, 7, 5),
(2849, 29, 13, 5),
(2850, 77, 10, 5),
(2851, 36, 15, 1),
(2852, 46, 11, 1),
(2853, 117, 7, 1),
(2854, 53, 13, 1),
(2855, 105, 9, 1),
(2856, 45, 8, 1),
(2857, 51, 8, 1),
(2858, 24, 7, 1),
(2859, 84, 8, 1),
(2860, 40, 15, 1),
(2861, 30, 8, 2),
(2862, 113, 7, 2),
(2863, 45, 6, 2),
(2864, 114, 9, 2),
(2865, 114, 12, 2),
(2866, 21, 6, 2),
(2867, 108, 9, 2),
(2868, 69, 12, 2),
(2869, 76, 11, 2),
(2870, 109, 12, 2),
(2871, 115, 11, 3),
(2872, 21, 13, 3),
(2873, 27, 13, 3),
(2874, 79, 8, 3),
(2875, 30, 12, 3),
(2876, 26, 11, 3),
(2877, 45, 7, 3),
(2878, 109, 9, 3),
(2879, 83, 6, 3),
(2880, 108, 8, 3),
(2881, 96, 11, 4),
(2882, 61, 13, 4),
(2883, 46, 14, 4),
(2884, 57, 15, 4),
(2885, 84, 12, 4),
(2886, 92, 11, 4),
(2887, 27, 15, 4),
(2888, 46, 12, 4),
(2889, 32, 9, 4),
(2890, 114, 8, 4),
(2891, 98, 6, 5),
(2892, 70, 9, 5),
(2893, 114, 9, 5),
(2894, 26, 14, 5),
(2895, 94, 11, 5),
(2896, 108, 10, 5),
(2897, 98, 9, 5),
(2898, 98, 9, 5),
(2899, 57, 8, 5),
(2900, 65, 7, 5),
(2901, 103, 7, 1),
(2902, 115, 15, 1),
(2903, 107, 11, 1),
(2904, 25, 6, 1),
(2905, 28, 11, 1),
(2906, 109, 11, 1),
(2907, 48, 10, 1),
(2908, 99, 14, 1),
(2909, 42, 10, 1),
(2910, 109, 6, 1),
(2911, 106, 9, 2),
(2912, 113, 14, 2),
(2913, 83, 7, 2),
(2914, 38, 9, 2),
(2915, 108, 13, 2),
(2916, 114, 6, 2),
(2917, 95, 15, 2),
(2918, 41, 14, 2),
(2919, 58, 14, 2),
(2920, 67, 15, 2),
(2921, 103, 14, 3),
(2922, 64, 10, 3),
(2923, 78, 7, 3),
(2924, 25, 10, 3),
(2925, 70, 15, 3),
(2926, 119, 9, 3),
(2927, 47, 9, 3),
(2928, 47, 6, 3),
(2929, 118, 15, 3),
(2930, 115, 13, 3),
(2931, 110, 10, 4),
(2932, 91, 8, 4),
(2933, 84, 6, 4),
(2934, 87, 15, 4),
(2935, 82, 10, 4),
(2936, 24, 15, 4),
(2937, 78, 9, 4),
(2938, 75, 6, 4),
(2939, 59, 9, 4),
(2940, 78, 13, 4),
(2941, 53, 7, 5),
(2942, 45, 8, 5),
(2943, 25, 11, 5),
(2944, 88, 12, 5),
(2945, 73, 12, 5),
(2946, 107, 8, 5),
(2947, 116, 11, 5),
(2948, 115, 15, 5),
(2949, 96, 11, 5),
(2950, 71, 10, 5),
(2951, 98, 12, 1),
(2952, 51, 11, 1),
(2953, 50, 11, 1),
(2954, 91, 12, 1),
(2955, 72, 8, 1),
(2956, 80, 14, 1),
(2957, 40, 8, 1),
(2958, 34, 13, 1),
(2959, 23, 12, 1),
(2960, 119, 7, 1),
(2961, 44, 6, 2),
(2962, 114, 15, 2),
(2963, 25, 10, 2),
(2964, 54, 10, 2),
(2965, 28, 11, 2),
(2966, 82, 6, 2),
(2967, 45, 15, 2),
(2968, 58, 15, 2),
(2969, 112, 13, 2),
(2970, 41, 12, 2),
(2971, 112, 9, 3),
(2972, 35, 10, 3),
(2973, 80, 12, 3),
(2974, 59, 12, 3),
(2975, 104, 7, 3),
(2976, 71, 8, 3),
(2977, 60, 11, 3),
(2978, 60, 11, 3),
(2979, 82, 13, 3),
(2980, 72, 15, 3),
(2981, 53, 14, 4),
(2982, 34, 7, 4),
(2983, 45, 11, 4),
(2984, 115, 12, 4),
(2985, 59, 8, 4),
(2986, 94, 9, 4),
(2987, 116, 9, 4),
(2988, 28, 12, 4),
(2989, 104, 13, 4),
(2990, 100, 8, 4),
(2991, 25, 9, 5),
(2992, 94, 7, 5),
(2993, 69, 14, 5),
(2994, 78, 6, 5),
(2995, 72, 13, 5),
(2996, 34, 11, 5),
(2997, 35, 6, 5),
(2998, 22, 9, 5),
(2999, 51, 13, 5),
(3000, 59, 12, 5),
(3001, 91, 15, 1),
(3002, 99, 7, 1),
(3003, 74, 10, 1),
(3004, 81, 7, 1),
(3005, 63, 13, 1),
(3006, 114, 12, 1),
(3007, 29, 9, 1),
(3008, 100, 7, 1),
(3009, 58, 7, 1),
(3010, 22, 9, 1),
(3011, 23, 8, 2),
(3012, 95, 8, 2),
(3013, 43, 14, 2),
(3014, 39, 13, 2),
(3015, 79, 12, 2),
(3016, 67, 8, 2),
(3017, 110, 8, 2),
(3018, 87, 14, 2),
(3019, 56, 15, 2),
(3020, 45, 8, 2),
(3021, 62, 9, 3),
(3022, 50, 14, 3),
(3023, 84, 15, 3),
(3024, 113, 14, 3),
(3025, 75, 6, 3),
(3026, 61, 14, 3),
(3027, 80, 15, 3),
(3028, 115, 7, 3),
(3029, 55, 11, 3),
(3030, 43, 15, 3),
(3031, 117, 14, 4),
(3032, 38, 6, 4),
(3033, 33, 7, 4),
(3034, 61, 13, 4),
(3035, 65, 8, 4),
(3036, 101, 14, 4);
INSERT INTO `set` (`id`, `weight`, `repetition`, `exercise_id`) VALUES
(3037, 28, 7, 4),
(3038, 98, 13, 4),
(3039, 110, 8, 4),
(3040, 36, 14, 4),
(3041, 98, 10, 5),
(3042, 25, 7, 5),
(3043, 107, 13, 5),
(3044, 81, 10, 5),
(3045, 105, 13, 5),
(3046, 78, 7, 5),
(3047, 24, 9, 5),
(3048, 55, 10, 5),
(3049, 81, 10, 5),
(3050, 96, 7, 5),
(3051, 60, 15, 1),
(3052, 76, 12, 1),
(3053, 23, 12, 1),
(3054, 108, 9, 1),
(3055, 60, 15, 1),
(3056, 80, 13, 1),
(3057, 102, 11, 1),
(3058, 24, 14, 1),
(3059, 115, 14, 1),
(3060, 47, 10, 1),
(3061, 32, 12, 2),
(3062, 62, 12, 2),
(3063, 47, 8, 2),
(3064, 26, 10, 2),
(3065, 54, 12, 2),
(3066, 81, 9, 2),
(3067, 28, 13, 2),
(3068, 21, 8, 2),
(3069, 79, 7, 2),
(3070, 91, 9, 2),
(3071, 81, 11, 3),
(3072, 52, 13, 3),
(3073, 76, 7, 3),
(3074, 75, 6, 3),
(3075, 57, 8, 3),
(3076, 66, 11, 3),
(3077, 107, 7, 3),
(3078, 98, 7, 3),
(3079, 43, 13, 3),
(3080, 62, 8, 3),
(3081, 44, 11, 4),
(3082, 75, 8, 4),
(3083, 30, 6, 4),
(3084, 62, 14, 4),
(3085, 100, 11, 4),
(3086, 40, 15, 4),
(3087, 92, 11, 4),
(3088, 22, 13, 4),
(3089, 57, 10, 4),
(3090, 92, 8, 4),
(3091, 108, 7, 5),
(3092, 48, 14, 5),
(3093, 108, 14, 5),
(3094, 106, 10, 5),
(3095, 66, 15, 5),
(3096, 110, 9, 5),
(3097, 113, 9, 5),
(3098, 52, 7, 5),
(3099, 35, 9, 5),
(3100, 21, 8, 5),
(3101, 84, 13, 1),
(3102, 62, 15, 1),
(3103, 53, 10, 1),
(3104, 65, 14, 1),
(3105, 29, 7, 1),
(3106, 53, 9, 1),
(3107, 75, 15, 1),
(3108, 91, 8, 1),
(3109, 113, 9, 1),
(3110, 35, 13, 1),
(3111, 119, 12, 2),
(3112, 30, 10, 2),
(3113, 21, 10, 2),
(3114, 86, 14, 2),
(3115, 59, 12, 2),
(3116, 45, 12, 2),
(3117, 47, 6, 2),
(3118, 74, 6, 2),
(3119, 62, 15, 2),
(3120, 67, 14, 2),
(3121, 118, 6, 3),
(3122, 105, 13, 3),
(3123, 117, 6, 3),
(3124, 96, 15, 3),
(3125, 60, 13, 3),
(3126, 64, 15, 3),
(3127, 32, 10, 3),
(3128, 91, 9, 3),
(3129, 107, 7, 3),
(3130, 65, 15, 3),
(3131, 41, 10, 4),
(3132, 96, 14, 4),
(3133, 30, 10, 4),
(3134, 86, 8, 4),
(3135, 88, 11, 4),
(3136, 117, 14, 4),
(3137, 47, 7, 4),
(3138, 87, 7, 4),
(3139, 81, 8, 4),
(3140, 71, 6, 4),
(3141, 32, 6, 5),
(3142, 40, 15, 5),
(3143, 39, 10, 5),
(3144, 117, 14, 5),
(3145, 49, 15, 5),
(3146, 22, 9, 5),
(3147, 57, 10, 5),
(3148, 99, 6, 5),
(3149, 113, 7, 5),
(3150, 118, 10, 5),
(3151, 49, 13, 1),
(3152, 22, 8, 1),
(3153, 115, 11, 1),
(3154, 33, 9, 1),
(3155, 87, 15, 1),
(3156, 75, 10, 1),
(3157, 61, 14, 1),
(3158, 52, 10, 1),
(3159, 84, 8, 1),
(3160, 45, 8, 1),
(3161, 46, 8, 2),
(3162, 45, 13, 2),
(3163, 98, 9, 2),
(3164, 94, 10, 2),
(3165, 54, 8, 2),
(3166, 55, 11, 2),
(3167, 21, 8, 2),
(3168, 94, 13, 2),
(3169, 113, 15, 2),
(3170, 71, 12, 2),
(3171, 91, 14, 3),
(3172, 44, 15, 3),
(3173, 101, 14, 3),
(3174, 28, 7, 3),
(3175, 89, 15, 3),
(3176, 70, 11, 3),
(3177, 35, 12, 3),
(3178, 67, 13, 3),
(3179, 116, 11, 3),
(3180, 101, 13, 3),
(3181, 78, 10, 4),
(3182, 83, 14, 4),
(3183, 26, 7, 4),
(3184, 105, 9, 4),
(3185, 85, 12, 4),
(3186, 52, 10, 4),
(3187, 98, 6, 4),
(3188, 74, 9, 4),
(3189, 69, 8, 4),
(3190, 69, 9, 4),
(3191, 59, 12, 5),
(3192, 75, 13, 5),
(3193, 23, 14, 5),
(3194, 25, 13, 5),
(3195, 49, 8, 5),
(3196, 113, 7, 5),
(3197, 98, 8, 5),
(3198, 48, 6, 5),
(3199, 55, 14, 5),
(3200, 99, 7, 5),
(3201, 49, 10, 1),
(3202, 50, 10, 1),
(3203, 40, 8, 1),
(3204, 105, 10, 1),
(3205, 38, 13, 1),
(3206, 26, 8, 1),
(3207, 42, 11, 1),
(3208, 27, 7, 1),
(3209, 52, 14, 1),
(3210, 30, 14, 1),
(3211, 49, 9, 2),
(3212, 54, 11, 2),
(3213, 68, 10, 2),
(3214, 45, 7, 2),
(3215, 30, 13, 2),
(3216, 111, 13, 2),
(3217, 79, 9, 2),
(3218, 54, 6, 2),
(3219, 66, 15, 2),
(3220, 79, 8, 2),
(3221, 107, 11, 3),
(3222, 29, 8, 3),
(3223, 33, 6, 3),
(3224, 118, 9, 3),
(3225, 117, 12, 3),
(3226, 70, 10, 3),
(3227, 119, 11, 3),
(3228, 37, 10, 3),
(3229, 30, 13, 3),
(3230, 98, 14, 3),
(3231, 40, 6, 4),
(3232, 86, 7, 4),
(3233, 50, 10, 4),
(3234, 117, 12, 4),
(3235, 103, 7, 4),
(3236, 54, 7, 4),
(3237, 43, 6, 4),
(3238, 67, 11, 4),
(3239, 68, 6, 4),
(3240, 53, 8, 4),
(3241, 33, 7, 5),
(3242, 96, 12, 5),
(3243, 40, 12, 5),
(3244, 59, 9, 5),
(3245, 105, 7, 5),
(3246, 104, 12, 5),
(3247, 70, 12, 5),
(3248, 57, 11, 5),
(3249, 82, 13, 5),
(3250, 98, 12, 5),
(3251, 59, 10, 1),
(3252, 97, 13, 1),
(3253, 32, 14, 1),
(3254, 49, 10, 1),
(3255, 117, 10, 1),
(3256, 43, 7, 1),
(3257, 70, 14, 1),
(3258, 116, 12, 1),
(3259, 55, 11, 1),
(3260, 47, 6, 1),
(3261, 48, 15, 2),
(3262, 54, 14, 2),
(3263, 46, 8, 2),
(3264, 73, 13, 2),
(3265, 36, 13, 2),
(3266, 58, 13, 2),
(3267, 67, 14, 2),
(3268, 92, 14, 2),
(3269, 106, 9, 2),
(3270, 70, 15, 2),
(3271, 28, 13, 3),
(3272, 36, 15, 3),
(3273, 59, 12, 3),
(3274, 31, 15, 3),
(3275, 74, 14, 3),
(3276, 60, 14, 3),
(3277, 54, 11, 3),
(3278, 37, 14, 3),
(3279, 64, 11, 3),
(3280, 78, 11, 3),
(3281, 113, 10, 4),
(3282, 50, 11, 4),
(3283, 98, 8, 4),
(3284, 57, 9, 4),
(3285, 113, 12, 4),
(3286, 89, 12, 4),
(3287, 73, 10, 4),
(3288, 102, 11, 4),
(3289, 86, 9, 4),
(3290, 101, 12, 4),
(3291, 80, 8, 5),
(3292, 38, 12, 5),
(3293, 51, 9, 5),
(3294, 72, 14, 5),
(3295, 89, 12, 5),
(3296, 109, 7, 5),
(3297, 52, 8, 5),
(3298, 100, 6, 5),
(3299, 82, 11, 5),
(3300, 110, 15, 5),
(3301, 82, 6, 1),
(3302, 110, 10, 1),
(3303, 31, 15, 1),
(3304, 24, 15, 1),
(3305, 23, 14, 1),
(3306, 110, 14, 1),
(3307, 95, 13, 1),
(3308, 100, 9, 1),
(3309, 58, 8, 1),
(3310, 114, 15, 1),
(3311, 105, 15, 2),
(3312, 113, 13, 2),
(3313, 92, 13, 2),
(3314, 32, 9, 2),
(3315, 93, 10, 2),
(3316, 92, 9, 2),
(3317, 94, 13, 2),
(3318, 84, 13, 2),
(3319, 97, 7, 2),
(3320, 44, 8, 2),
(3321, 95, 9, 3),
(3322, 76, 13, 3),
(3323, 45, 14, 3),
(3324, 74, 7, 3),
(3325, 48, 6, 3),
(3326, 33, 11, 3),
(3327, 115, 12, 3),
(3328, 36, 15, 3),
(3329, 75, 14, 3),
(3330, 40, 7, 3),
(3331, 103, 13, 4),
(3332, 26, 12, 4),
(3333, 29, 13, 4),
(3334, 25, 7, 4),
(3335, 87, 15, 4),
(3336, 66, 12, 4),
(3337, 90, 7, 4),
(3338, 42, 11, 4),
(3339, 40, 7, 4),
(3340, 72, 6, 4),
(3341, 105, 12, 5),
(3342, 35, 7, 5),
(3343, 37, 7, 5),
(3344, 100, 6, 5),
(3345, 82, 14, 5),
(3346, 76, 13, 5),
(3347, 25, 12, 5),
(3348, 72, 11, 5),
(3349, 85, 7, 5),
(3350, 97, 14, 5),
(3351, 25, 7, 1),
(3352, 53, 11, 1),
(3353, 28, 12, 1),
(3354, 117, 6, 1),
(3355, 90, 9, 1),
(3356, 84, 6, 1),
(3357, 79, 10, 1),
(3358, 106, 11, 1),
(3359, 64, 13, 1),
(3360, 75, 14, 1),
(3361, 53, 6, 2),
(3362, 53, 8, 2),
(3363, 31, 14, 2),
(3364, 26, 14, 2),
(3365, 27, 7, 2),
(3366, 68, 6, 2),
(3367, 48, 9, 2),
(3368, 76, 10, 2),
(3369, 98, 8, 2),
(3370, 30, 11, 2),
(3371, 27, 7, 3),
(3372, 31, 10, 3),
(3373, 34, 11, 3),
(3374, 25, 6, 3),
(3375, 85, 10, 3),
(3376, 89, 14, 3),
(3377, 48, 13, 3),
(3378, 96, 13, 3),
(3379, 44, 14, 3),
(3380, 68, 10, 3),
(3381, 114, 8, 4),
(3382, 48, 13, 4),
(3383, 74, 12, 4),
(3384, 40, 8, 4),
(3385, 22, 7, 4),
(3386, 112, 12, 4),
(3387, 97, 14, 4),
(3388, 117, 9, 4),
(3389, 32, 14, 4),
(3390, 92, 13, 4),
(3391, 95, 6, 5),
(3392, 73, 11, 5),
(3393, 58, 8, 5),
(3394, 27, 13, 5),
(3395, 85, 11, 5),
(3396, 22, 13, 5),
(3397, 27, 9, 5),
(3398, 40, 14, 5),
(3399, 36, 8, 5),
(3400, 24, 10, 5),
(3401, 107, 14, 1),
(3402, 63, 14, 1),
(3403, 108, 6, 1),
(3404, 119, 14, 1),
(3405, 95, 14, 1),
(3406, 88, 14, 1),
(3407, 93, 11, 1),
(3408, 71, 10, 1),
(3409, 45, 9, 1),
(3410, 43, 6, 1),
(3411, 41, 14, 2),
(3412, 72, 12, 2),
(3413, 78, 8, 2),
(3414, 102, 12, 2),
(3415, 39, 15, 2),
(3416, 92, 12, 2),
(3417, 90, 12, 2),
(3418, 36, 14, 2),
(3419, 35, 14, 2),
(3420, 58, 10, 2),
(3421, 92, 11, 3),
(3422, 99, 7, 3),
(3423, 25, 13, 3),
(3424, 78, 11, 3),
(3425, 52, 12, 3),
(3426, 23, 14, 3),
(3427, 46, 7, 3),
(3428, 83, 8, 3),
(3429, 56, 8, 3),
(3430, 66, 7, 3),
(3431, 118, 8, 4),
(3432, 89, 6, 4),
(3433, 35, 6, 4),
(3434, 99, 6, 4),
(3435, 47, 14, 4),
(3436, 39, 12, 4),
(3437, 84, 13, 4),
(3438, 31, 12, 4),
(3439, 105, 6, 4),
(3440, 42, 13, 4),
(3441, 21, 6, 5),
(3442, 81, 7, 5),
(3443, 84, 9, 5),
(3444, 56, 11, 5),
(3445, 42, 10, 5),
(3446, 70, 15, 5),
(3447, 21, 6, 5),
(3448, 80, 7, 5),
(3449, 68, 12, 5),
(3450, 81, 13, 5),
(3451, 92, 15, 1),
(3452, 54, 13, 1),
(3453, 86, 12, 1),
(3454, 69, 8, 1),
(3455, 29, 12, 1),
(3456, 55, 12, 1),
(3457, 112, 12, 1),
(3458, 46, 10, 1),
(3459, 63, 13, 1),
(3460, 62, 9, 1),
(3461, 89, 11, 2),
(3462, 84, 8, 2),
(3463, 33, 9, 2),
(3464, 95, 7, 2),
(3465, 24, 11, 2),
(3466, 75, 10, 2),
(3467, 33, 7, 2),
(3468, 53, 8, 2),
(3469, 104, 8, 2),
(3470, 87, 15, 2),
(3471, 29, 9, 3),
(3472, 60, 13, 3),
(3473, 79, 12, 3),
(3474, 27, 14, 3),
(3475, 103, 12, 3),
(3476, 43, 14, 3),
(3477, 49, 7, 3),
(3478, 50, 6, 3),
(3479, 27, 10, 3),
(3480, 74, 6, 3),
(3481, 70, 10, 4),
(3482, 76, 15, 4),
(3483, 24, 12, 4),
(3484, 68, 8, 4),
(3485, 27, 13, 4),
(3486, 113, 15, 4),
(3487, 88, 10, 4),
(3488, 67, 6, 4),
(3489, 109, 15, 4),
(3490, 93, 6, 4),
(3491, 31, 8, 5),
(3492, 90, 7, 5),
(3493, 40, 8, 5),
(3494, 104, 10, 5),
(3495, 111, 6, 5),
(3496, 42, 15, 5),
(3497, 58, 14, 5),
(3498, 108, 7, 5),
(3499, 38, 7, 5),
(3500, 77, 13, 5),
(3501, 60, 9, 1),
(3502, 73, 9, 1),
(3503, 107, 14, 1),
(3504, 63, 13, 1),
(3505, 78, 8, 1),
(3506, 72, 9, 1),
(3507, 47, 6, 1),
(3508, 56, 9, 1),
(3509, 44, 9, 1),
(3510, 65, 9, 1),
(3511, 57, 12, 2),
(3512, 98, 10, 2),
(3513, 95, 7, 2),
(3514, 30, 7, 2),
(3515, 35, 10, 2),
(3516, 95, 9, 2),
(3517, 64, 7, 2),
(3518, 103, 9, 2),
(3519, 82, 13, 2),
(3520, 55, 14, 2),
(3521, 119, 10, 3),
(3522, 69, 11, 3),
(3523, 58, 11, 3),
(3524, 75, 7, 3),
(3525, 103, 6, 3),
(3526, 109, 11, 3),
(3527, 49, 14, 3),
(3528, 119, 15, 3),
(3529, 78, 6, 3),
(3530, 31, 9, 3),
(3531, 83, 13, 4),
(3532, 30, 15, 4),
(3533, 81, 8, 4),
(3534, 81, 9, 4),
(3535, 67, 15, 4),
(3536, 92, 12, 4),
(3537, 118, 9, 4),
(3538, 81, 15, 4),
(3539, 111, 13, 4),
(3540, 98, 8, 4),
(3541, 75, 11, 5),
(3542, 85, 6, 5),
(3543, 63, 12, 5),
(3544, 105, 15, 5),
(3545, 57, 10, 5),
(3546, 35, 14, 5),
(3547, 93, 8, 5),
(3548, 102, 11, 5),
(3549, 68, 6, 5),
(3550, 113, 8, 5),
(3551, 75, 6, 1),
(3552, 81, 12, 1),
(3553, 100, 8, 1),
(3554, 105, 10, 1),
(3555, 55, 9, 1),
(3556, 28, 8, 1),
(3557, 78, 9, 1),
(3558, 41, 11, 1),
(3559, 48, 12, 1),
(3560, 101, 10, 1),
(3561, 72, 12, 2),
(3562, 73, 7, 2),
(3563, 66, 12, 2),
(3564, 85, 10, 2),
(3565, 36, 9, 2),
(3566, 50, 11, 2),
(3567, 49, 12, 2),
(3568, 22, 13, 2),
(3569, 60, 15, 2),
(3570, 101, 10, 2),
(3571, 25, 15, 3),
(3572, 32, 11, 3),
(3573, 94, 7, 3),
(3574, 86, 13, 3),
(3575, 56, 8, 3),
(3576, 96, 8, 3),
(3577, 62, 6, 3),
(3578, 67, 8, 3),
(3579, 31, 10, 3),
(3580, 94, 15, 3),
(3581, 103, 9, 4),
(3582, 34, 10, 4),
(3583, 109, 13, 4),
(3584, 25, 10, 4),
(3585, 70, 14, 4),
(3586, 40, 9, 4),
(3587, 86, 14, 4),
(3588, 84, 14, 4),
(3589, 22, 15, 4),
(3590, 108, 9, 4),
(3591, 100, 12, 5),
(3592, 23, 10, 5),
(3593, 99, 15, 5),
(3594, 45, 9, 5),
(3595, 50, 6, 5),
(3596, 99, 12, 5),
(3597, 89, 10, 5),
(3598, 30, 10, 5),
(3599, 59, 11, 5),
(3600, 47, 9, 5),
(3601, 93, 9, 1),
(3602, 90, 14, 1),
(3603, 20, 6, 1),
(3604, 54, 15, 1),
(3605, 79, 11, 1),
(3606, 59, 10, 1),
(3607, 28, 13, 1),
(3608, 72, 6, 1),
(3609, 62, 9, 1),
(3610, 119, 8, 1),
(3611, 34, 11, 2),
(3612, 69, 6, 2),
(3613, 71, 14, 2),
(3614, 34, 13, 2),
(3615, 96, 7, 2),
(3616, 77, 6, 2),
(3617, 29, 12, 2),
(3618, 113, 11, 2),
(3619, 94, 15, 2),
(3620, 114, 15, 2),
(3621, 115, 14, 3),
(3622, 65, 12, 3),
(3623, 41, 14, 3),
(3624, 53, 6, 3),
(3625, 116, 12, 3),
(3626, 36, 13, 3),
(3627, 53, 7, 3),
(3628, 39, 12, 3),
(3629, 56, 13, 3),
(3630, 73, 14, 3),
(3631, 96, 8, 4),
(3632, 99, 7, 4),
(3633, 111, 11, 4),
(3634, 85, 13, 4),
(3635, 33, 11, 4),
(3636, 84, 11, 4),
(3637, 45, 10, 4),
(3638, 84, 7, 4),
(3639, 74, 10, 4),
(3640, 86, 12, 4),
(3641, 64, 10, 5),
(3642, 39, 11, 5),
(3643, 107, 6, 5),
(3644, 55, 9, 5),
(3645, 54, 10, 5),
(3646, 76, 7, 5),
(3647, 64, 15, 5),
(3648, 31, 13, 5),
(3649, 110, 13, 5),
(3650, 108, 15, 5),
(3651, 59, 11, 1),
(3652, 68, 13, 1),
(3653, 27, 9, 1),
(3654, 114, 13, 1),
(3655, 23, 8, 1),
(3656, 39, 13, 1),
(3657, 34, 12, 1),
(3658, 98, 6, 1),
(3659, 117, 8, 1),
(3660, 87, 13, 1),
(3661, 54, 11, 2),
(3662, 39, 8, 2),
(3663, 21, 15, 2),
(3664, 20, 13, 2),
(3665, 119, 11, 2),
(3666, 74, 14, 2),
(3667, 100, 12, 2),
(3668, 27, 7, 2),
(3669, 23, 12, 2),
(3670, 117, 14, 2),
(3671, 64, 7, 3),
(3672, 57, 7, 3),
(3673, 119, 12, 3),
(3674, 97, 14, 3),
(3675, 113, 9, 3),
(3676, 100, 14, 3),
(3677, 43, 7, 3),
(3678, 37, 9, 3),
(3679, 79, 7, 3),
(3680, 57, 11, 3),
(3681, 92, 9, 4),
(3682, 42, 10, 4),
(3683, 39, 7, 4),
(3684, 107, 11, 4),
(3685, 20, 15, 4),
(3686, 41, 7, 4),
(3687, 97, 7, 4),
(3688, 29, 11, 4),
(3689, 106, 8, 4),
(3690, 114, 11, 4),
(3691, 114, 7, 5),
(3692, 80, 12, 5),
(3693, 26, 7, 5),
(3694, 59, 9, 5),
(3695, 118, 10, 5),
(3696, 25, 15, 5),
(3697, 63, 10, 5),
(3698, 63, 12, 5),
(3699, 110, 6, 5),
(3700, 61, 8, 5),
(3701, 21, 10, 1),
(3702, 56, 13, 1),
(3703, 86, 14, 1),
(3704, 58, 12, 1),
(3705, 45, 13, 1),
(3706, 49, 15, 1),
(3707, 79, 15, 1),
(3708, 61, 8, 1),
(3709, 99, 6, 1),
(3710, 31, 7, 1),
(3711, 36, 13, 2),
(3712, 21, 10, 2),
(3713, 27, 6, 2),
(3714, 92, 13, 2),
(3715, 29, 7, 2),
(3716, 51, 6, 2),
(3717, 38, 12, 2),
(3718, 30, 11, 2),
(3719, 46, 7, 2),
(3720, 65, 13, 2),
(3721, 21, 10, 3),
(3722, 39, 12, 3),
(3723, 82, 6, 3),
(3724, 108, 6, 3),
(3725, 40, 7, 3),
(3726, 44, 9, 3),
(3727, 29, 13, 3),
(3728, 46, 12, 3),
(3729, 96, 11, 3),
(3730, 93, 8, 3),
(3731, 111, 15, 4),
(3732, 82, 8, 4),
(3733, 84, 7, 4),
(3734, 101, 12, 4),
(3735, 34, 6, 4),
(3736, 101, 8, 4),
(3737, 84, 6, 4),
(3738, 98, 12, 4),
(3739, 42, 10, 4),
(3740, 65, 15, 4),
(3741, 103, 6, 5),
(3742, 114, 11, 5),
(3743, 101, 13, 5),
(3744, 75, 11, 5),
(3745, 45, 11, 5),
(3746, 60, 11, 5),
(3747, 26, 15, 5),
(3748, 71, 11, 5),
(3749, 26, 13, 5),
(3750, 58, 6, 5),
(3751, 44, 15, 1),
(3752, 24, 14, 1),
(3753, 72, 15, 1),
(3754, 34, 8, 1),
(3755, 102, 10, 1),
(3756, 55, 13, 1),
(3757, 102, 13, 1),
(3758, 30, 13, 1),
(3759, 47, 9, 1),
(3760, 57, 14, 1),
(3761, 27, 7, 2),
(3762, 102, 8, 2),
(3763, 103, 12, 2),
(3764, 114, 14, 2),
(3765, 37, 7, 2),
(3766, 61, 6, 2),
(3767, 80, 8, 2),
(3768, 96, 10, 2),
(3769, 68, 6, 2),
(3770, 41, 15, 2),
(3771, 56, 11, 3),
(3772, 94, 7, 3),
(3773, 36, 10, 3),
(3774, 35, 12, 3),
(3775, 62, 9, 3),
(3776, 70, 7, 3),
(3777, 82, 7, 3),
(3778, 111, 8, 3),
(3779, 118, 6, 3),
(3780, 32, 10, 3),
(3781, 49, 12, 4),
(3782, 42, 6, 4),
(3783, 57, 14, 4),
(3784, 36, 7, 4),
(3785, 115, 9, 4),
(3786, 109, 6, 4),
(3787, 85, 8, 4),
(3788, 96, 13, 4),
(3789, 69, 15, 4),
(3790, 65, 9, 4),
(3791, 87, 8, 5),
(3792, 90, 11, 5),
(3793, 69, 6, 5),
(3794, 80, 8, 5),
(3795, 75, 9, 5),
(3796, 23, 13, 5),
(3797, 105, 6, 5),
(3798, 48, 11, 5),
(3799, 112, 9, 5),
(3800, 30, 15, 5),
(3801, 66, 6, 1),
(3802, 58, 14, 1),
(3803, 44, 9, 1),
(3804, 73, 8, 1),
(3805, 68, 14, 1),
(3806, 71, 15, 1),
(3807, 117, 12, 1),
(3808, 22, 15, 1),
(3809, 52, 12, 1),
(3810, 52, 7, 1),
(3811, 72, 7, 2),
(3812, 99, 14, 2),
(3813, 23, 7, 2),
(3814, 63, 14, 2),
(3815, 71, 7, 2),
(3816, 20, 10, 2),
(3817, 44, 11, 2),
(3818, 93, 10, 2),
(3819, 40, 14, 2),
(3820, 99, 9, 2),
(3821, 88, 8, 3),
(3822, 106, 13, 3),
(3823, 44, 11, 3),
(3824, 27, 9, 3),
(3825, 70, 15, 3),
(3826, 21, 11, 3),
(3827, 81, 13, 3),
(3828, 71, 15, 3),
(3829, 20, 12, 3),
(3830, 50, 7, 3),
(3831, 98, 10, 4),
(3832, 51, 9, 4),
(3833, 118, 6, 4),
(3834, 59, 15, 4),
(3835, 38, 11, 4),
(3836, 68, 7, 4),
(3837, 58, 15, 4),
(3838, 66, 6, 4),
(3839, 114, 13, 4),
(3840, 114, 8, 4),
(3841, 96, 12, 5),
(3842, 83, 10, 5),
(3843, 60, 15, 5),
(3844, 114, 8, 5),
(3845, 110, 8, 5),
(3846, 106, 6, 5),
(3847, 25, 6, 5),
(3848, 69, 9, 5),
(3849, 66, 8, 5),
(3850, 78, 14, 5),
(3851, 119, 8, 1),
(3852, 94, 11, 1),
(3853, 29, 9, 1),
(3854, 55, 6, 1),
(3855, 68, 11, 1),
(3856, 91, 13, 1),
(3857, 44, 13, 1),
(3858, 83, 12, 1),
(3859, 95, 8, 1),
(3860, 85, 9, 1),
(3861, 20, 13, 2),
(3862, 86, 7, 2),
(3863, 48, 7, 2),
(3864, 110, 10, 2),
(3865, 74, 15, 2),
(3866, 47, 7, 2),
(3867, 84, 7, 2),
(3868, 85, 12, 2),
(3869, 95, 8, 2),
(3870, 102, 8, 2),
(3871, 111, 9, 3),
(3872, 100, 9, 3),
(3873, 55, 7, 3),
(3874, 96, 6, 3),
(3875, 95, 9, 3),
(3876, 73, 8, 3),
(3877, 34, 6, 3),
(3878, 47, 14, 3),
(3879, 104, 14, 3),
(3880, 26, 12, 3),
(3881, 34, 12, 4),
(3882, 22, 9, 4),
(3883, 69, 9, 4),
(3884, 33, 11, 4),
(3885, 20, 11, 4),
(3886, 73, 9, 4),
(3887, 75, 10, 4),
(3888, 100, 9, 4),
(3889, 50, 12, 4),
(3890, 95, 11, 4),
(3891, 90, 7, 5),
(3892, 43, 11, 5),
(3893, 83, 9, 5),
(3894, 119, 8, 5),
(3895, 58, 13, 5),
(3896, 61, 13, 5),
(3897, 41, 7, 5),
(3898, 39, 8, 5),
(3899, 55, 11, 5),
(3900, 84, 10, 5),
(3901, 115, 13, 1),
(3902, 58, 7, 1),
(3903, 87, 9, 1),
(3904, 72, 6, 1),
(3905, 25, 14, 1),
(3906, 78, 12, 1),
(3907, 107, 9, 1),
(3908, 111, 14, 1),
(3909, 32, 12, 1),
(3910, 88, 12, 1),
(3911, 79, 8, 2),
(3912, 40, 9, 2),
(3913, 116, 8, 2),
(3914, 45, 10, 2),
(3915, 31, 9, 2),
(3916, 47, 8, 2),
(3917, 109, 14, 2),
(3918, 44, 15, 2),
(3919, 33, 11, 2),
(3920, 85, 14, 2),
(3921, 87, 11, 3),
(3922, 91, 7, 3),
(3923, 37, 13, 3),
(3924, 44, 7, 3),
(3925, 48, 9, 3),
(3926, 62, 11, 3),
(3927, 100, 12, 3),
(3928, 38, 9, 3),
(3929, 118, 11, 3),
(3930, 60, 7, 3),
(3931, 100, 8, 4),
(3932, 92, 7, 4),
(3933, 57, 14, 4),
(3934, 61, 13, 4),
(3935, 82, 14, 4),
(3936, 70, 9, 4),
(3937, 23, 8, 4),
(3938, 81, 7, 4),
(3939, 84, 10, 4),
(3940, 26, 10, 4),
(3941, 36, 14, 5),
(3942, 26, 15, 5),
(3943, 102, 11, 5),
(3944, 21, 11, 5),
(3945, 99, 11, 5),
(3946, 74, 12, 5),
(3947, 65, 15, 5),
(3948, 96, 9, 5),
(3949, 63, 11, 5),
(3950, 55, 15, 5),
(3951, 88, 10, 1),
(3952, 91, 9, 1),
(3953, 26, 14, 1),
(3954, 83, 7, 1),
(3955, 93, 12, 1),
(3956, 115, 13, 1),
(3957, 27, 11, 1),
(3958, 30, 11, 1),
(3959, 31, 15, 1),
(3960, 118, 7, 1),
(3961, 96, 13, 2),
(3962, 29, 14, 2),
(3963, 105, 15, 2),
(3964, 101, 11, 2),
(3965, 54, 12, 2),
(3966, 119, 7, 2),
(3967, 31, 13, 2),
(3968, 37, 12, 2),
(3969, 38, 14, 2),
(3970, 68, 7, 2),
(3971, 115, 12, 3),
(3972, 100, 9, 3),
(3973, 89, 6, 3),
(3974, 110, 6, 3),
(3975, 47, 15, 3),
(3976, 59, 14, 3),
(3977, 112, 8, 3),
(3978, 84, 11, 3),
(3979, 45, 14, 3),
(3980, 24, 13, 3),
(3981, 54, 11, 4),
(3982, 54, 15, 4),
(3983, 95, 12, 4),
(3984, 60, 8, 4),
(3985, 56, 10, 4),
(3986, 91, 8, 4),
(3987, 87, 15, 4),
(3988, 102, 9, 4),
(3989, 26, 10, 4),
(3990, 48, 6, 4),
(3991, 80, 14, 5),
(3992, 56, 15, 5),
(3993, 90, 10, 5),
(3994, 101, 13, 5),
(3995, 20, 11, 5),
(3996, 75, 9, 5),
(3997, 32, 10, 5),
(3998, 51, 15, 5),
(3999, 117, 15, 5),
(4000, 48, 7, 5);

-- --------------------------------------------------------

--
-- Tabellenstruktur für Tabelle `user`
--

CREATE TABLE `user` (
  `id` int(11) NOT NULL,
  `email` varchar(100) COLLATE utf8_unicode_ci DEFAULT NULL,
  `firstname` varchar(100) COLLATE utf8_unicode_ci NOT NULL,
  `lastname` varchar(100) COLLATE utf8_unicode_ci NOT NULL,
  `password` text COLLATE utf8_unicode_ci NOT NULL,
  `token` text COLLATE utf8_unicode_ci NOT NULL,
  `log_date` timestamp NOT NULL DEFAULT CURRENT_TIMESTAMP,
  `status` tinyint(4) DEFAULT NULL,
  `rolle` tinyint(4) DEFAULT NULL,
  `profilepic` varchar(100) COLLATE utf8_unicode_ci DEFAULT NULL
) ENGINE=InnoDB DEFAULT CHARSET=utf8 COLLATE=utf8_unicode_ci;

--
-- Daten für Tabelle `user`
--

INSERT INTO `user` (`id`, `email`, `firstname`, `lastname`, `password`, `token`, `log_date`, `status`, `rolle`, `profilepic`) VALUES
(1, 'nelson.lopez@backup.one', 'Nelson', 'Widmer', '752d35d14b6fdffac3ff3d962bcdf7b77323c88cfd692e61c3d112ecbaf354ec', '3311aeca887fb24defecb22b00cfa8', '2017-06-29 02:02:12', 1, 0, 'IchAug2016.jpg'),
(2, 'nelson.lopez@filesync.ch', 'Nelson', 'LOKO', '94395302b8861a62c2e9552f667d007af057db31a81de387c96322ff2c43e358', '8e1bbfd8cbe48535d119c62dbc0dda', '2017-06-29 12:05:18', 1, 0, NULL),
(4, 'nelson.lopez1806@gmail.com', 'Nelson', 'Lopez', '0b55630f0d13cd0cad3caa65961da523b9b14e1db47852ec5e45cd0e7181d37a', 'a88e1248b0831c41c733237c3409fc', '2017-07-02 12:26:16', 1, 0, NULL),
(5, 'nelson.lopez1806@gmail.com', 'Nelson', 'Lopez', '85ea7f74dac1ad47de132462400ffa135a4a64742fea1b61d0823a8efd2614d4', '6cd3c8234fb6dfc9665201cba42f01', '2017-08-10 10:35:17', 1, 0, NULL),
(29, 'oliver.erne@protonmail.ch', 'Oli', 'Erne', 'b2bcb1843a507e8331a76c294d9d30b9cd165c97286e98d78c6b6ae05ee35d8b', '9f88455503616c6e9ee4a561502559', '2018-10-08 06:52:04', 1, 0, NULL),
(60, 'philip.rippstein@gmail.com', 'du voll fetter negger', 'Arschbacke', 'a433816b84d5455115746920f1f077a495a14f75a6f5b3e5f7b73d0a6f0b1273', '921256ee066d545faafbb659a3397c', '2018-10-22 15:14:43', 0, 0, NULL),
(61, 'kingkoshtnex@gmail.com', 'Kenan', 'Tabinas', '4fbcf30780984d666b4c3d61c01f4d4e519268dc1b8938af9c4ee586dc99a14d', 'ab3f39df2203410377961b23de6e6d', '2018-10-23 06:18:49', 1, 0, NULL);

--
-- Indizes der exportierten Tabellen
--

--
-- Indizes für die Tabelle `exercise`
--
ALTER TABLE `exercise`
  ADD PRIMARY KEY (`id`);

--
-- Indizes für die Tabelle `plan`
--
ALTER TABLE `plan`
  ADD PRIMARY KEY (`id`);

--
-- Indizes für die Tabelle `session`
--
ALTER TABLE `session`
  ADD PRIMARY KEY (`id`);

--
-- Indizes für die Tabelle `set`
--
ALTER TABLE `set`
  ADD PRIMARY KEY (`id`);

--
-- Indizes für die Tabelle `user`
--
ALTER TABLE `user`
  ADD PRIMARY KEY (`id`);

--
-- AUTO_INCREMENT für exportierte Tabellen
--

--
-- AUTO_INCREMENT für Tabelle `exercise`
--
ALTER TABLE `exercise`
  MODIFY `id` int(11) NOT NULL AUTO_INCREMENT, AUTO_INCREMENT=8;

--
-- AUTO_INCREMENT für Tabelle `plan`
--
ALTER TABLE `plan`
  MODIFY `id` int(11) NOT NULL AUTO_INCREMENT;

--
-- AUTO_INCREMENT für Tabelle `session`
--
ALTER TABLE `session`
  MODIFY `id` int(11) NOT NULL AUTO_INCREMENT, AUTO_INCREMENT=94;

--
-- AUTO_INCREMENT für Tabelle `set`
--
ALTER TABLE `set`
  MODIFY `id` int(11) NOT NULL AUTO_INCREMENT, AUTO_INCREMENT=4001;

--
-- AUTO_INCREMENT für Tabelle `user`
--
ALTER TABLE `user`
  MODIFY `id` int(11) NOT NULL AUTO_INCREMENT, AUTO_INCREMENT=62;
COMMIT;

/*!40101 SET CHARACTER_SET_CLIENT=@OLD_CHARACTER_SET_CLIENT */;
/*!40101 SET CHARACTER_SET_RESULTS=@OLD_CHARACTER_SET_RESULTS */;
/*!40101 SET COLLATION_CONNECTION=@OLD_COLLATION_CONNECTION */;
