SET @sessionId = (SELECT max(id) from session); 
SET @setId = (SELECT max(id) from `set`); 
INSERT INTO session VALUES ('0'+@sessionId, '2018-10-27 10:34:39', '10'); 
INSERT INTO `set` VALUES ('0'+@setId,'102','10','1'); 
INSERT INTO session_set VALUES ('0'+@sessionId,'0'+@setId); 
INSERT INTO `set` VALUES ('1'+@setId,'74','6','1'); 
INSERT INTO session_set VALUES ('0'+@sessionId,'1'+@setId); 
INSERT INTO `set` VALUES ('2'+@setId,'45','7','1'); 
INSERT INTO session_set VALUES ('0'+@sessionId,'2'+@setId); 
INSERT INTO `set` VALUES ('3'+@setId,'46','14','1'); 
INSERT INTO session_set VALUES ('0'+@sessionId,'3'+@setId); 
INSERT INTO `set` VALUES ('4'+@setId,'96','15','1'); 
INSERT INTO session_set VALUES ('0'+@sessionId,'4'+@setId); 
INSERT INTO `set` VALUES ('5'+@setId,'63','13','1'); 
INSERT INTO session_set VALUES ('0'+@sessionId,'5'+@setId); 
INSERT INTO `set` VALUES ('6'+@setId,'39','6','1'); 
INSERT INTO session_set VALUES ('0'+@sessionId,'6'+@setId); 
INSERT INTO `set` VALUES ('7'+@setId,'115','11','1'); 
INSERT INTO session_set VALUES ('0'+@sessionId,'7'+@setId); 
INSERT INTO `set` VALUES ('8'+@setId,'47','6','1'); 
INSERT INTO session_set VALUES ('0'+@sessionId,'8'+@setId); 
INSERT INTO `set` VALUES ('9'+@setId,'118','14','1'); 
INSERT INTO session_set VALUES ('0'+@sessionId,'9'+@setId); 
INSERT INTO `set` VALUES ('10'+@setId,'99','11','2'); 
INSERT INTO session_set VALUES ('0'+@sessionId,'10'+@setId); 
INSERT INTO `set` VALUES ('11'+@setId,'39','15','2'); 
INSERT INTO session_set VALUES ('0'+@sessionId,'11'+@setId); 
INSERT INTO `set` VALUES ('12'+@setId,'40','7','2'); 
INSERT INTO session_set VALUES ('0'+@sessionId,'12'+@setId); 
INSERT INTO `set` VALUES ('13'+@setId,'110','10','2'); 
INSERT INTO session_set VALUES ('0'+@sessionId,'13'+@setId); 
INSERT INTO `set` VALUES ('14'+@setId,'51','14','2'); 
INSERT INTO session_set VALUES ('0'+@sessionId,'14'+@setId); 
INSERT INTO `set` VALUES ('15'+@setId,'69','15','2'); 
INSERT INTO session_set VALUES ('0'+@sessionId,'15'+@setId); 
INSERT INTO `set` VALUES ('16'+@setId,'40','8','2'); 
INSERT INTO session_set VALUES ('0'+@sessionId,'16'+@setId); 
INSERT INTO `set` VALUES ('17'+@setId,'28','11','2'); 
INSERT INTO session_set VALUES ('0'+@sessionId,'17'+@setId); 
INSERT INTO `set` VALUES ('18'+@setId,'103','13','2'); 
INSERT INTO session_set VALUES ('0'+@sessionId,'18'+@setId); 
INSERT INTO `set` VALUES ('19'+@setId,'81','7','2'); 
INSERT INTO session_set VALUES ('0'+@sessionId,'19'+@setId); 
INSERT INTO `set` VALUES ('20'+@setId,'68','9','3'); 
INSERT INTO session_set VALUES ('0'+@sessionId,'20'+@setId); 
INSERT INTO `set` VALUES ('21'+@setId,'104','14','3'); 
INSERT INTO session_set VALUES ('0'+@sessionId,'21'+@setId); 
INSERT INTO `set` VALUES ('22'+@setId,'85','7','3'); 
INSERT INTO session_set VALUES ('0'+@sessionId,'22'+@setId); 
INSERT INTO `set` VALUES ('23'+@setId,'116','7','3'); 
INSERT INTO session_set VALUES ('0'+@sessionId,'23'+@setId); 
INSERT INTO `set` VALUES ('24'+@setId,'45','11','3'); 
INSERT INTO session_set VALUES ('0'+@sessionId,'24'+@setId); 
INSERT INTO `set` VALUES ('25'+@setId,'24','7','3'); 
INSERT INTO session_set VALUES ('0'+@sessionId,'25'+@setId); 
INSERT INTO `set` VALUES ('26'+@setId,'23','15','3'); 
INSERT INTO session_set VALUES ('0'+@sessionId,'26'+@setId); 
INSERT INTO `set` VALUES ('27'+@setId,'81','7','3'); 
INSERT INTO session_set VALUES ('0'+@sessionId,'27'+@setId); 
INSERT INTO `set` VALUES ('28'+@setId,'101','15','3'); 
INSERT INTO session_set VALUES ('0'+@sessionId,'28'+@setId); 
INSERT INTO `set` VALUES ('29'+@setId,'116','10','3'); 
INSERT INTO session_set VALUES ('0'+@sessionId,'29'+@setId); 
INSERT INTO `set` VALUES ('30'+@setId,'119','14','4'); 
INSERT INTO session_set VALUES ('0'+@sessionId,'30'+@setId); 
INSERT INTO `set` VALUES ('31'+@setId,'85','10','4'); 
INSERT INTO session_set VALUES ('0'+@sessionId,'31'+@setId); 
INSERT INTO `set` VALUES ('32'+@setId,'45','14','4'); 
INSERT INTO session_set VALUES ('0'+@sessionId,'32'+@setId); 
INSERT INTO `set` VALUES ('33'+@setId,'100','8','4'); 
INSERT INTO session_set VALUES ('0'+@sessionId,'33'+@setId); 
INSERT INTO `set` VALUES ('34'+@setId,'64','12','4'); 
INSERT INTO session_set VALUES ('0'+@sessionId,'34'+@setId); 
INSERT INTO `set` VALUES ('35'+@setId,'44','7','4'); 
INSERT INTO session_set VALUES ('0'+@sessionId,'35'+@setId); 
INSERT INTO `set` VALUES ('36'+@setId,'44','7','4'); 
INSERT INTO session_set VALUES ('0'+@sessionId,'36'+@setId); 
INSERT INTO `set` VALUES ('37'+@setId,'23','11','4'); 
INSERT INTO session_set VALUES ('0'+@sessionId,'37'+@setId); 
INSERT INTO `set` VALUES ('38'+@setId,'27','15','4'); 
INSERT INTO session_set VALUES ('0'+@sessionId,'38'+@setId); 
INSERT INTO `set` VALUES ('39'+@setId,'68','15','4'); 
INSERT INTO session_set VALUES ('0'+@sessionId,'39'+@setId); 
INSERT INTO `set` VALUES ('40'+@setId,'68','6','5'); 
INSERT INTO session_set VALUES ('0'+@sessionId,'40'+@setId); 
INSERT INTO `set` VALUES ('41'+@setId,'78','9','5'); 
INSERT INTO session_set VALUES ('0'+@sessionId,'41'+@setId); 
INSERT INTO `set` VALUES ('42'+@setId,'105','8','5'); 
INSERT INTO session_set VALUES ('0'+@sessionId,'42'+@setId); 
INSERT INTO `set` VALUES ('43'+@setId,'37','11','5'); 
INSERT INTO session_set VALUES ('0'+@sessionId,'43'+@setId); 
INSERT INTO `set` VALUES ('44'+@setId,'110','6','5'); 
INSERT INTO session_set VALUES ('0'+@sessionId,'44'+@setId); 
INSERT INTO `set` VALUES ('45'+@setId,'114','7','5'); 
INSERT INTO session_set VALUES ('0'+@sessionId,'45'+@setId); 
INSERT INTO `set` VALUES ('46'+@setId,'35','10','5'); 
INSERT INTO session_set VALUES ('0'+@sessionId,'46'+@setId); 
INSERT INTO `set` VALUES ('47'+@setId,'59','14','5'); 
INSERT INTO session_set VALUES ('0'+@sessionId,'47'+@setId); 
INSERT INTO `set` VALUES ('48'+@setId,'35','6','5'); 
INSERT INTO session_set VALUES ('0'+@sessionId,'48'+@setId); 
INSERT INTO `set` VALUES ('49'+@setId,'113','15','5'); 
INSERT INTO session_set VALUES ('0'+@sessionId,'49'+@setId); 
INSERT INTO session VALUES ('1'+@sessionId, '2018-10-28 10:34:39', '10'); 
INSERT INTO `set` VALUES ('50'+@setId,'55','10','1'); 
INSERT INTO session_set VALUES ('1'+@sessionId,'50'+@setId); 
INSERT INTO `set` VALUES ('51'+@setId,'29','8','1'); 
INSERT INTO session_set VALUES ('1'+@sessionId,'51'+@setId); 
INSERT INTO `set` VALUES ('52'+@setId,'107','6','1'); 
INSERT INTO session_set VALUES ('1'+@sessionId,'52'+@setId); 
INSERT INTO `set` VALUES ('53'+@setId,'88','14','1'); 
INSERT INTO session_set VALUES ('1'+@sessionId,'53'+@setId); 
INSERT INTO `set` VALUES ('54'+@setId,'31','10','1'); 
INSERT INTO session_set VALUES ('1'+@sessionId,'54'+@setId); 
INSERT INTO `set` VALUES ('55'+@setId,'102','12','1'); 
INSERT INTO session_set VALUES ('1'+@sessionId,'55'+@setId); 
INSERT INTO `set` VALUES ('56'+@setId,'112','14','1'); 
INSERT INTO session_set VALUES ('1'+@sessionId,'56'+@setId); 
INSERT INTO `set` VALUES ('57'+@setId,'52','15','1'); 
INSERT INTO session_set VALUES ('1'+@sessionId,'57'+@setId); 
INSERT INTO `set` VALUES ('58'+@setId,'104','12','1'); 
INSERT INTO session_set VALUES ('1'+@sessionId,'58'+@setId); 
INSERT INTO `set` VALUES ('59'+@setId,'20','10','1'); 
INSERT INTO session_set VALUES ('1'+@sessionId,'59'+@setId); 
INSERT INTO `set` VALUES ('60'+@setId,'24','12','2'); 
INSERT INTO session_set VALUES ('1'+@sessionId,'60'+@setId); 
INSERT INTO `set` VALUES ('61'+@setId,'97','13','2'); 
INSERT INTO session_set VALUES ('1'+@sessionId,'61'+@setId); 
INSERT INTO `set` VALUES ('62'+@setId,'44','8','2'); 
INSERT INTO session_set VALUES ('1'+@sessionId,'62'+@setId); 
INSERT INTO `set` VALUES ('63'+@setId,'21','14','2'); 
INSERT INTO session_set VALUES ('1'+@sessionId,'63'+@setId); 
INSERT INTO `set` VALUES ('64'+@setId,'39','10','2'); 
INSERT INTO session_set VALUES ('1'+@sessionId,'64'+@setId); 
INSERT INTO `set` VALUES ('65'+@setId,'102','15','2'); 
INSERT INTO session_set VALUES ('1'+@sessionId,'65'+@setId); 
INSERT INTO `set` VALUES ('66'+@setId,'26','6','2'); 
INSERT INTO session_set VALUES ('1'+@sessionId,'66'+@setId); 
INSERT INTO `set` VALUES ('67'+@setId,'88','6','2'); 
INSERT INTO session_set VALUES ('1'+@sessionId,'67'+@setId); 
INSERT INTO `set` VALUES ('68'+@setId,'46','7','2'); 
INSERT INTO session_set VALUES ('1'+@sessionId,'68'+@setId); 
INSERT INTO `set` VALUES ('69'+@setId,'52','11','2'); 
INSERT INTO session_set VALUES ('1'+@sessionId,'69'+@setId); 
INSERT INTO `set` VALUES ('70'+@setId,'107','15','3'); 
INSERT INTO session_set VALUES ('1'+@sessionId,'70'+@setId); 
INSERT INTO `set` VALUES ('71'+@setId,'114','13','3'); 
INSERT INTO session_set VALUES ('1'+@sessionId,'71'+@setId); 
INSERT INTO `set` VALUES ('72'+@setId,'54','8','3'); 
INSERT INTO session_set VALUES ('1'+@sessionId,'72'+@setId); 
INSERT INTO `set` VALUES ('73'+@setId,'69','7','3'); 
INSERT INTO session_set VALUES ('1'+@sessionId,'73'+@setId); 
INSERT INTO `set` VALUES ('74'+@setId,'68','8','3'); 
INSERT INTO session_set VALUES ('1'+@sessionId,'74'+@setId); 
INSERT INTO `set` VALUES ('75'+@setId,'41','13','3'); 
INSERT INTO session_set VALUES ('1'+@sessionId,'75'+@setId); 
INSERT INTO `set` VALUES ('76'+@setId,'118','13','3'); 
INSERT INTO session_set VALUES ('1'+@sessionId,'76'+@setId); 
INSERT INTO `set` VALUES ('77'+@setId,'58','8','3'); 
INSERT INTO session_set VALUES ('1'+@sessionId,'77'+@setId); 
INSERT INTO `set` VALUES ('78'+@setId,'70','12','3'); 
INSERT INTO session_set VALUES ('1'+@sessionId,'78'+@setId); 
INSERT INTO `set` VALUES ('79'+@setId,'102','14','3'); 
INSERT INTO session_set VALUES ('1'+@sessionId,'79'+@setId); 
INSERT INTO `set` VALUES ('80'+@setId,'107','6','4'); 
INSERT INTO session_set VALUES ('1'+@sessionId,'80'+@setId); 
INSERT INTO `set` VALUES ('81'+@setId,'44','8','4'); 
INSERT INTO session_set VALUES ('1'+@sessionId,'81'+@setId); 
INSERT INTO `set` VALUES ('82'+@setId,'100','7','4'); 
INSERT INTO session_set VALUES ('1'+@sessionId,'82'+@setId); 
INSERT INTO `set` VALUES ('83'+@setId,'95','13','4'); 
INSERT INTO session_set VALUES ('1'+@sessionId,'83'+@setId); 
INSERT INTO `set` VALUES ('84'+@setId,'42','14','4'); 
INSERT INTO session_set VALUES ('1'+@sessionId,'84'+@setId); 
INSERT INTO `set` VALUES ('85'+@setId,'55','7','4'); 
INSERT INTO session_set VALUES ('1'+@sessionId,'85'+@setId); 
INSERT INTO `set` VALUES ('86'+@setId,'32','9','4'); 
INSERT INTO session_set VALUES ('1'+@sessionId,'86'+@setId); 
INSERT INTO `set` VALUES ('87'+@setId,'101','6','4'); 
INSERT INTO session_set VALUES ('1'+@sessionId,'87'+@setId); 
INSERT INTO `set` VALUES ('88'+@setId,'101','9','4'); 
INSERT INTO session_set VALUES ('1'+@sessionId,'88'+@setId); 
INSERT INTO `set` VALUES ('89'+@setId,'111','11','4'); 
INSERT INTO session_set VALUES ('1'+@sessionId,'89'+@setId); 
INSERT INTO `set` VALUES ('90'+@setId,'52','7','5'); 
INSERT INTO session_set VALUES ('1'+@sessionId,'90'+@setId); 
INSERT INTO `set` VALUES ('91'+@setId,'114','13','5'); 
INSERT INTO session_set VALUES ('1'+@sessionId,'91'+@setId); 
INSERT INTO `set` VALUES ('92'+@setId,'95','10','5'); 
INSERT INTO session_set VALUES ('1'+@sessionId,'92'+@setId); 
INSERT INTO `set` VALUES ('93'+@setId,'29','7','5'); 
INSERT INTO session_set VALUES ('1'+@sessionId,'93'+@setId); 
INSERT INTO `set` VALUES ('94'+@setId,'87','14','5'); 
INSERT INTO session_set VALUES ('1'+@sessionId,'94'+@setId); 
INSERT INTO `set` VALUES ('95'+@setId,'88','6','5'); 
INSERT INTO session_set VALUES ('1'+@sessionId,'95'+@setId); 
INSERT INTO `set` VALUES ('96'+@setId,'89','10','5'); 
INSERT INTO session_set VALUES ('1'+@sessionId,'96'+@setId); 
INSERT INTO `set` VALUES ('97'+@setId,'30','8','5'); 
INSERT INTO session_set VALUES ('1'+@sessionId,'97'+@setId); 
INSERT INTO `set` VALUES ('98'+@setId,'69','12','5'); 
INSERT INTO session_set VALUES ('1'+@sessionId,'98'+@setId); 
INSERT INTO `set` VALUES ('99'+@setId,'67','13','5'); 
INSERT INTO session_set VALUES ('1'+@sessionId,'99'+@setId); 
INSERT INTO session VALUES ('2'+@sessionId, '2018-10-29 10:34:39', '10'); 
INSERT INTO `set` VALUES ('100'+@setId,'58','12','1'); 
INSERT INTO session_set VALUES ('2'+@sessionId,'100'+@setId); 
INSERT INTO `set` VALUES ('101'+@setId,'20','12','1'); 
INSERT INTO session_set VALUES ('2'+@sessionId,'101'+@setId); 
INSERT INTO `set` VALUES ('102'+@setId,'61','9','1'); 
INSERT INTO session_set VALUES ('2'+@sessionId,'102'+@setId); 
INSERT INTO `set` VALUES ('103'+@setId,'78','14','1'); 
INSERT INTO session_set VALUES ('2'+@sessionId,'103'+@setId); 
INSERT INTO `set` VALUES ('104'+@setId,'61','15','1'); 
INSERT INTO session_set VALUES ('2'+@sessionId,'104'+@setId); 
INSERT INTO `set` VALUES ('105'+@setId,'99','6','1'); 
INSERT INTO session_set VALUES ('2'+@sessionId,'105'+@setId); 
INSERT INTO `set` VALUES ('106'+@setId,'111','6','1'); 
INSERT INTO session_set VALUES ('2'+@sessionId,'106'+@setId); 
INSERT INTO `set` VALUES ('107'+@setId,'92','13','1'); 
INSERT INTO session_set VALUES ('2'+@sessionId,'107'+@setId); 
INSERT INTO `set` VALUES ('108'+@setId,'50','6','1'); 
INSERT INTO session_set VALUES ('2'+@sessionId,'108'+@setId); 
INSERT INTO `set` VALUES ('109'+@setId,'58','14','1'); 
INSERT INTO session_set VALUES ('2'+@sessionId,'109'+@setId); 
INSERT INTO `set` VALUES ('110'+@setId,'84','12','2'); 
INSERT INTO session_set VALUES ('2'+@sessionId,'110'+@setId); 
INSERT INTO `set` VALUES ('111'+@setId,'40','15','2'); 
INSERT INTO session_set VALUES ('2'+@sessionId,'111'+@setId); 
INSERT INTO `set` VALUES ('112'+@setId,'63','7','2'); 
INSERT INTO session_set VALUES ('2'+@sessionId,'112'+@setId); 
INSERT INTO `set` VALUES ('113'+@setId,'82','15','2'); 
INSERT INTO session_set VALUES ('2'+@sessionId,'113'+@setId); 
INSERT INTO `set` VALUES ('114'+@setId,'112','14','2'); 
INSERT INTO session_set VALUES ('2'+@sessionId,'114'+@setId); 
INSERT INTO `set` VALUES ('115'+@setId,'101','7','2'); 
INSERT INTO session_set VALUES ('2'+@sessionId,'115'+@setId); 
INSERT INTO `set` VALUES ('116'+@setId,'22','6','2'); 
INSERT INTO session_set VALUES ('2'+@sessionId,'116'+@setId); 
INSERT INTO `set` VALUES ('117'+@setId,'92','9','2'); 
INSERT INTO session_set VALUES ('2'+@sessionId,'117'+@setId); 
INSERT INTO `set` VALUES ('118'+@setId,'96','13','2'); 
INSERT INTO session_set VALUES ('2'+@sessionId,'118'+@setId); 
INSERT INTO `set` VALUES ('119'+@setId,'20','11','2'); 
INSERT INTO session_set VALUES ('2'+@sessionId,'119'+@setId); 
INSERT INTO `set` VALUES ('120'+@setId,'72','14','3'); 
INSERT INTO session_set VALUES ('2'+@sessionId,'120'+@setId); 
INSERT INTO `set` VALUES ('121'+@setId,'60','7','3'); 
INSERT INTO session_set VALUES ('2'+@sessionId,'121'+@setId); 
INSERT INTO `set` VALUES ('122'+@setId,'49','11','3'); 
INSERT INTO session_set VALUES ('2'+@sessionId,'122'+@setId); 
INSERT INTO `set` VALUES ('123'+@setId,'71','12','3'); 
INSERT INTO session_set VALUES ('2'+@sessionId,'123'+@setId); 
INSERT INTO `set` VALUES ('124'+@setId,'74','15','3'); 
INSERT INTO session_set VALUES ('2'+@sessionId,'124'+@setId); 
INSERT INTO `set` VALUES ('125'+@setId,'52','6','3'); 
INSERT INTO session_set VALUES ('2'+@sessionId,'125'+@setId); 
INSERT INTO `set` VALUES ('126'+@setId,'60','12','3'); 
INSERT INTO session_set VALUES ('2'+@sessionId,'126'+@setId); 
INSERT INTO `set` VALUES ('127'+@setId,'115','13','3'); 
INSERT INTO session_set VALUES ('2'+@sessionId,'127'+@setId); 
INSERT INTO `set` VALUES ('128'+@setId,'61','10','3'); 
INSERT INTO session_set VALUES ('2'+@sessionId,'128'+@setId); 
INSERT INTO `set` VALUES ('129'+@setId,'112','14','3'); 
INSERT INTO session_set VALUES ('2'+@sessionId,'129'+@setId); 
INSERT INTO `set` VALUES ('130'+@setId,'46','10','4'); 
INSERT INTO session_set VALUES ('2'+@sessionId,'130'+@setId); 
INSERT INTO `set` VALUES ('131'+@setId,'22','13','4'); 
INSERT INTO session_set VALUES ('2'+@sessionId,'131'+@setId); 
INSERT INTO `set` VALUES ('132'+@setId,'45','8','4'); 
INSERT INTO session_set VALUES ('2'+@sessionId,'132'+@setId); 
INSERT INTO `set` VALUES ('133'+@setId,'118','13','4'); 
INSERT INTO session_set VALUES ('2'+@sessionId,'133'+@setId); 
INSERT INTO `set` VALUES ('134'+@setId,'117','12','4'); 
INSERT INTO session_set VALUES ('2'+@sessionId,'134'+@setId); 
INSERT INTO `set` VALUES ('135'+@setId,'53','6','4'); 
INSERT INTO session_set VALUES ('2'+@sessionId,'135'+@setId); 
INSERT INTO `set` VALUES ('136'+@setId,'102','13','4'); 
INSERT INTO session_set VALUES ('2'+@sessionId,'136'+@setId); 
INSERT INTO `set` VALUES ('137'+@setId,'36','11','4'); 
INSERT INTO session_set VALUES ('2'+@sessionId,'137'+@setId); 
INSERT INTO `set` VALUES ('138'+@setId,'71','11','4'); 
INSERT INTO session_set VALUES ('2'+@sessionId,'138'+@setId); 
INSERT INTO `set` VALUES ('139'+@setId,'105','12','4'); 
INSERT INTO session_set VALUES ('2'+@sessionId,'139'+@setId); 
INSERT INTO `set` VALUES ('140'+@setId,'60','13','5'); 
INSERT INTO session_set VALUES ('2'+@sessionId,'140'+@setId); 
INSERT INTO `set` VALUES ('141'+@setId,'50','12','5'); 
INSERT INTO session_set VALUES ('2'+@sessionId,'141'+@setId); 
INSERT INTO `set` VALUES ('142'+@setId,'106','15','5'); 
INSERT INTO session_set VALUES ('2'+@sessionId,'142'+@setId); 
INSERT INTO `set` VALUES ('143'+@setId,'80','7','5'); 
INSERT INTO session_set VALUES ('2'+@sessionId,'143'+@setId); 
INSERT INTO `set` VALUES ('144'+@setId,'55','8','5'); 
INSERT INTO session_set VALUES ('2'+@sessionId,'144'+@setId); 
INSERT INTO `set` VALUES ('145'+@setId,'49','8','5'); 
INSERT INTO session_set VALUES ('2'+@sessionId,'145'+@setId); 
INSERT INTO `set` VALUES ('146'+@setId,'85','14','5'); 
INSERT INTO session_set VALUES ('2'+@sessionId,'146'+@setId); 
INSERT INTO `set` VALUES ('147'+@setId,'79','11','5'); 
INSERT INTO session_set VALUES ('2'+@sessionId,'147'+@setId); 
INSERT INTO `set` VALUES ('148'+@setId,'31','13','5'); 
INSERT INTO session_set VALUES ('2'+@sessionId,'148'+@setId); 
INSERT INTO `set` VALUES ('149'+@setId,'53','7','5'); 
INSERT INTO session_set VALUES ('2'+@sessionId,'149'+@setId); 
INSERT INTO session VALUES ('3'+@sessionId, '2018-10-30 10:34:39', '10'); 
INSERT INTO `set` VALUES ('150'+@setId,'90','11','1'); 
INSERT INTO session_set VALUES ('3'+@sessionId,'150'+@setId); 
INSERT INTO `set` VALUES ('151'+@setId,'21','15','1'); 
INSERT INTO session_set VALUES ('3'+@sessionId,'151'+@setId); 
INSERT INTO `set` VALUES ('152'+@setId,'87','11','1'); 
INSERT INTO session_set VALUES ('3'+@sessionId,'152'+@setId); 
INSERT INTO `set` VALUES ('153'+@setId,'104','12','1'); 
INSERT INTO session_set VALUES ('3'+@sessionId,'153'+@setId); 
INSERT INTO `set` VALUES ('154'+@setId,'82','14','1'); 
INSERT INTO session_set VALUES ('3'+@sessionId,'154'+@setId); 
INSERT INTO `set` VALUES ('155'+@setId,'114','10','1'); 
INSERT INTO session_set VALUES ('3'+@sessionId,'155'+@setId); 
INSERT INTO `set` VALUES ('156'+@setId,'21','14','1'); 
INSERT INTO session_set VALUES ('3'+@sessionId,'156'+@setId); 
INSERT INTO `set` VALUES ('157'+@setId,'29','7','1'); 
INSERT INTO session_set VALUES ('3'+@sessionId,'157'+@setId); 
INSERT INTO `set` VALUES ('158'+@setId,'63','12','1'); 
INSERT INTO session_set VALUES ('3'+@sessionId,'158'+@setId); 
INSERT INTO `set` VALUES ('159'+@setId,'56','7','1'); 
INSERT INTO session_set VALUES ('3'+@sessionId,'159'+@setId); 
INSERT INTO `set` VALUES ('160'+@setId,'37','7','2'); 
INSERT INTO session_set VALUES ('3'+@sessionId,'160'+@setId); 
INSERT INTO `set` VALUES ('161'+@setId,'44','13','2'); 
INSERT INTO session_set VALUES ('3'+@sessionId,'161'+@setId); 
INSERT INTO `set` VALUES ('162'+@setId,'91','13','2'); 
INSERT INTO session_set VALUES ('3'+@sessionId,'162'+@setId); 
INSERT INTO `set` VALUES ('163'+@setId,'26','10','2'); 
INSERT INTO session_set VALUES ('3'+@sessionId,'163'+@setId); 
INSERT INTO `set` VALUES ('164'+@setId,'112','9','2'); 
INSERT INTO session_set VALUES ('3'+@sessionId,'164'+@setId); 
INSERT INTO `set` VALUES ('165'+@setId,'58','9','2'); 
INSERT INTO session_set VALUES ('3'+@sessionId,'165'+@setId); 
INSERT INTO `set` VALUES ('166'+@setId,'47','9','2'); 
INSERT INTO session_set VALUES ('3'+@sessionId,'166'+@setId); 
INSERT INTO `set` VALUES ('167'+@setId,'25','9','2'); 
INSERT INTO session_set VALUES ('3'+@sessionId,'167'+@setId); 
INSERT INTO `set` VALUES ('168'+@setId,'82','10','2'); 
INSERT INTO session_set VALUES ('3'+@sessionId,'168'+@setId); 
INSERT INTO `set` VALUES ('169'+@setId,'45','13','2'); 
INSERT INTO session_set VALUES ('3'+@sessionId,'169'+@setId); 
INSERT INTO `set` VALUES ('170'+@setId,'50','8','3'); 
INSERT INTO session_set VALUES ('3'+@sessionId,'170'+@setId); 
INSERT INTO `set` VALUES ('171'+@setId,'81','13','3'); 
INSERT INTO session_set VALUES ('3'+@sessionId,'171'+@setId); 
INSERT INTO `set` VALUES ('172'+@setId,'52','15','3'); 
INSERT INTO session_set VALUES ('3'+@sessionId,'172'+@setId); 
INSERT INTO `set` VALUES ('173'+@setId,'108','10','3'); 
INSERT INTO session_set VALUES ('3'+@sessionId,'173'+@setId); 
INSERT INTO `set` VALUES ('174'+@setId,'61','10','3'); 
INSERT INTO session_set VALUES ('3'+@sessionId,'174'+@setId); 
INSERT INTO `set` VALUES ('175'+@setId,'56','15','3'); 
INSERT INTO session_set VALUES ('3'+@sessionId,'175'+@setId); 
INSERT INTO `set` VALUES ('176'+@setId,'102','6','3'); 
INSERT INTO session_set VALUES ('3'+@sessionId,'176'+@setId); 
INSERT INTO `set` VALUES ('177'+@setId,'53','8','3'); 
INSERT INTO session_set VALUES ('3'+@sessionId,'177'+@setId); 
INSERT INTO `set` VALUES ('178'+@setId,'86','15','3'); 
INSERT INTO session_set VALUES ('3'+@sessionId,'178'+@setId); 
INSERT INTO `set` VALUES ('179'+@setId,'100','9','3'); 
INSERT INTO session_set VALUES ('3'+@sessionId,'179'+@setId); 
INSERT INTO `set` VALUES ('180'+@setId,'74','8','4'); 
INSERT INTO session_set VALUES ('3'+@sessionId,'180'+@setId); 
INSERT INTO `set` VALUES ('181'+@setId,'115','11','4'); 
INSERT INTO session_set VALUES ('3'+@sessionId,'181'+@setId); 
INSERT INTO `set` VALUES ('182'+@setId,'27','8','4'); 
INSERT INTO session_set VALUES ('3'+@sessionId,'182'+@setId); 
INSERT INTO `set` VALUES ('183'+@setId,'73','12','4'); 
INSERT INTO session_set VALUES ('3'+@sessionId,'183'+@setId); 
INSERT INTO `set` VALUES ('184'+@setId,'32','12','4'); 
INSERT INTO session_set VALUES ('3'+@sessionId,'184'+@setId); 
INSERT INTO `set` VALUES ('185'+@setId,'21','12','4'); 
INSERT INTO session_set VALUES ('3'+@sessionId,'185'+@setId); 
INSERT INTO `set` VALUES ('186'+@setId,'105','12','4'); 
INSERT INTO session_set VALUES ('3'+@sessionId,'186'+@setId); 
INSERT INTO `set` VALUES ('187'+@setId,'100','6','4'); 
INSERT INTO session_set VALUES ('3'+@sessionId,'187'+@setId); 
INSERT INTO `set` VALUES ('188'+@setId,'32','10','4'); 
INSERT INTO session_set VALUES ('3'+@sessionId,'188'+@setId); 
INSERT INTO `set` VALUES ('189'+@setId,'58','9','4'); 
INSERT INTO session_set VALUES ('3'+@sessionId,'189'+@setId); 
INSERT INTO `set` VALUES ('190'+@setId,'75','8','5'); 
INSERT INTO session_set VALUES ('3'+@sessionId,'190'+@setId); 
INSERT INTO `set` VALUES ('191'+@setId,'109','11','5'); 
INSERT INTO session_set VALUES ('3'+@sessionId,'191'+@setId); 
INSERT INTO `set` VALUES ('192'+@setId,'20','15','5'); 
INSERT INTO session_set VALUES ('3'+@sessionId,'192'+@setId); 
INSERT INTO `set` VALUES ('193'+@setId,'70','9','5'); 
INSERT INTO session_set VALUES ('3'+@sessionId,'193'+@setId); 
INSERT INTO `set` VALUES ('194'+@setId,'119','6','5'); 
INSERT INTO session_set VALUES ('3'+@sessionId,'194'+@setId); 
INSERT INTO `set` VALUES ('195'+@setId,'101','6','5'); 
INSERT INTO session_set VALUES ('3'+@sessionId,'195'+@setId); 
INSERT INTO `set` VALUES ('196'+@setId,'116','9','5'); 
INSERT INTO session_set VALUES ('3'+@sessionId,'196'+@setId); 
INSERT INTO `set` VALUES ('197'+@setId,'92','6','5'); 
INSERT INTO session_set VALUES ('3'+@sessionId,'197'+@setId); 
INSERT INTO `set` VALUES ('198'+@setId,'96','13','5'); 
INSERT INTO session_set VALUES ('3'+@sessionId,'198'+@setId); 
INSERT INTO `set` VALUES ('199'+@setId,'102','9','5'); 
INSERT INTO session_set VALUES ('3'+@sessionId,'199'+@setId); 
INSERT INTO session VALUES ('4'+@sessionId, '2018-10-31 10:34:39', '10'); 
INSERT INTO `set` VALUES ('200'+@setId,'116','13','1'); 
INSERT INTO session_set VALUES ('4'+@sessionId,'200'+@setId); 
INSERT INTO `set` VALUES ('201'+@setId,'56','8','1'); 
INSERT INTO session_set VALUES ('4'+@sessionId,'201'+@setId); 
INSERT INTO `set` VALUES ('202'+@setId,'114','14','1'); 
INSERT INTO session_set VALUES ('4'+@sessionId,'202'+@setId); 
INSERT INTO `set` VALUES ('203'+@setId,'36','13','1'); 
INSERT INTO session_set VALUES ('4'+@sessionId,'203'+@setId); 
INSERT INTO `set` VALUES ('204'+@setId,'62','13','1'); 
INSERT INTO session_set VALUES ('4'+@sessionId,'204'+@setId); 
INSERT INTO `set` VALUES ('205'+@setId,'103','14','1'); 
INSERT INTO session_set VALUES ('4'+@sessionId,'205'+@setId); 
INSERT INTO `set` VALUES ('206'+@setId,'111','9','1'); 
INSERT INTO session_set VALUES ('4'+@sessionId,'206'+@setId); 
INSERT INTO `set` VALUES ('207'+@setId,'88','11','1'); 
INSERT INTO session_set VALUES ('4'+@sessionId,'207'+@setId); 
INSERT INTO `set` VALUES ('208'+@setId,'84','15','1'); 
INSERT INTO session_set VALUES ('4'+@sessionId,'208'+@setId); 
INSERT INTO `set` VALUES ('209'+@setId,'44','15','1'); 
INSERT INTO session_set VALUES ('4'+@sessionId,'209'+@setId); 
INSERT INTO `set` VALUES ('210'+@setId,'30','13','2'); 
INSERT INTO session_set VALUES ('4'+@sessionId,'210'+@setId); 
INSERT INTO `set` VALUES ('211'+@setId,'87','10','2'); 
INSERT INTO session_set VALUES ('4'+@sessionId,'211'+@setId); 
INSERT INTO `set` VALUES ('212'+@setId,'99','6','2'); 
INSERT INTO session_set VALUES ('4'+@sessionId,'212'+@setId); 
INSERT INTO `set` VALUES ('213'+@setId,'88','12','2'); 
INSERT INTO session_set VALUES ('4'+@sessionId,'213'+@setId); 
INSERT INTO `set` VALUES ('214'+@setId,'57','14','2'); 
INSERT INTO session_set VALUES ('4'+@sessionId,'214'+@setId); 
INSERT INTO `set` VALUES ('215'+@setId,'89','6','2'); 
INSERT INTO session_set VALUES ('4'+@sessionId,'215'+@setId); 
INSERT INTO `set` VALUES ('216'+@setId,'71','13','2'); 
INSERT INTO session_set VALUES ('4'+@sessionId,'216'+@setId); 
INSERT INTO `set` VALUES ('217'+@setId,'46','12','2'); 
INSERT INTO session_set VALUES ('4'+@sessionId,'217'+@setId); 
INSERT INTO `set` VALUES ('218'+@setId,'41','9','2'); 
INSERT INTO session_set VALUES ('4'+@sessionId,'218'+@setId); 
INSERT INTO `set` VALUES ('219'+@setId,'21','6','2'); 
INSERT INTO session_set VALUES ('4'+@sessionId,'219'+@setId); 
INSERT INTO `set` VALUES ('220'+@setId,'40','8','3'); 
INSERT INTO session_set VALUES ('4'+@sessionId,'220'+@setId); 
INSERT INTO `set` VALUES ('221'+@setId,'82','13','3'); 
INSERT INTO session_set VALUES ('4'+@sessionId,'221'+@setId); 
INSERT INTO `set` VALUES ('222'+@setId,'45','7','3'); 
INSERT INTO session_set VALUES ('4'+@sessionId,'222'+@setId); 
INSERT INTO `set` VALUES ('223'+@setId,'60','10','3'); 
INSERT INTO session_set VALUES ('4'+@sessionId,'223'+@setId); 
INSERT INTO `set` VALUES ('224'+@setId,'53','9','3'); 
INSERT INTO session_set VALUES ('4'+@sessionId,'224'+@setId); 
INSERT INTO `set` VALUES ('225'+@setId,'32','13','3'); 
INSERT INTO session_set VALUES ('4'+@sessionId,'225'+@setId); 
INSERT INTO `set` VALUES ('226'+@setId,'30','13','3'); 
INSERT INTO session_set VALUES ('4'+@sessionId,'226'+@setId); 
INSERT INTO `set` VALUES ('227'+@setId,'79','7','3'); 
INSERT INTO session_set VALUES ('4'+@sessionId,'227'+@setId); 
INSERT INTO `set` VALUES ('228'+@setId,'73','10','3'); 
INSERT INTO session_set VALUES ('4'+@sessionId,'228'+@setId); 
INSERT INTO `set` VALUES ('229'+@setId,'22','9','3'); 
INSERT INTO session_set VALUES ('4'+@sessionId,'229'+@setId); 
INSERT INTO `set` VALUES ('230'+@setId,'22','8','4'); 
INSERT INTO session_set VALUES ('4'+@sessionId,'230'+@setId); 
INSERT INTO `set` VALUES ('231'+@setId,'55','9','4'); 
INSERT INTO session_set VALUES ('4'+@sessionId,'231'+@setId); 
INSERT INTO `set` VALUES ('232'+@setId,'38','9','4'); 
INSERT INTO session_set VALUES ('4'+@sessionId,'232'+@setId); 
INSERT INTO `set` VALUES ('233'+@setId,'100','6','4'); 
INSERT INTO session_set VALUES ('4'+@sessionId,'233'+@setId); 
INSERT INTO `set` VALUES ('234'+@setId,'52','8','4'); 
INSERT INTO session_set VALUES ('4'+@sessionId,'234'+@setId); 
INSERT INTO `set` VALUES ('235'+@setId,'94','9','4'); 
INSERT INTO session_set VALUES ('4'+@sessionId,'235'+@setId); 
INSERT INTO `set` VALUES ('236'+@setId,'117','11','4'); 
INSERT INTO session_set VALUES ('4'+@sessionId,'236'+@setId); 
INSERT INTO `set` VALUES ('237'+@setId,'70','15','4'); 
INSERT INTO session_set VALUES ('4'+@sessionId,'237'+@setId); 
INSERT INTO `set` VALUES ('238'+@setId,'106','9','4'); 
INSERT INTO session_set VALUES ('4'+@sessionId,'238'+@setId); 
INSERT INTO `set` VALUES ('239'+@setId,'97','11','4'); 
INSERT INTO session_set VALUES ('4'+@sessionId,'239'+@setId); 
INSERT INTO `set` VALUES ('240'+@setId,'48','8','5'); 
INSERT INTO session_set VALUES ('4'+@sessionId,'240'+@setId); 
INSERT INTO `set` VALUES ('241'+@setId,'69','9','5'); 
INSERT INTO session_set VALUES ('4'+@sessionId,'241'+@setId); 
INSERT INTO `set` VALUES ('242'+@setId,'111','12','5'); 
INSERT INTO session_set VALUES ('4'+@sessionId,'242'+@setId); 
INSERT INTO `set` VALUES ('243'+@setId,'86','15','5'); 
INSERT INTO session_set VALUES ('4'+@sessionId,'243'+@setId); 
INSERT INTO `set` VALUES ('244'+@setId,'29','10','5'); 
INSERT INTO session_set VALUES ('4'+@sessionId,'244'+@setId); 
INSERT INTO `set` VALUES ('245'+@setId,'101','13','5'); 
INSERT INTO session_set VALUES ('4'+@sessionId,'245'+@setId); 
INSERT INTO `set` VALUES ('246'+@setId,'25','14','5'); 
INSERT INTO session_set VALUES ('4'+@sessionId,'246'+@setId); 
INSERT INTO `set` VALUES ('247'+@setId,'47','13','5'); 
INSERT INTO session_set VALUES ('4'+@sessionId,'247'+@setId); 
INSERT INTO `set` VALUES ('248'+@setId,'63','14','5'); 
INSERT INTO session_set VALUES ('4'+@sessionId,'248'+@setId); 
INSERT INTO `set` VALUES ('249'+@setId,'112','8','5'); 
INSERT INTO session_set VALUES ('4'+@sessionId,'249'+@setId); 
INSERT INTO session VALUES ('5'+@sessionId, '2018-11-01 10:34:39', '10'); 
INSERT INTO `set` VALUES ('250'+@setId,'88','8','1'); 
INSERT INTO session_set VALUES ('5'+@sessionId,'250'+@setId); 
INSERT INTO `set` VALUES ('251'+@setId,'26','7','1'); 
INSERT INTO session_set VALUES ('5'+@sessionId,'251'+@setId); 
INSERT INTO `set` VALUES ('252'+@setId,'22','15','1'); 
INSERT INTO session_set VALUES ('5'+@sessionId,'252'+@setId); 
INSERT INTO `set` VALUES ('253'+@setId,'98','11','1'); 
INSERT INTO session_set VALUES ('5'+@sessionId,'253'+@setId); 
INSERT INTO `set` VALUES ('254'+@setId,'81','7','1'); 
INSERT INTO session_set VALUES ('5'+@sessionId,'254'+@setId); 
INSERT INTO `set` VALUES ('255'+@setId,'80','8','1'); 
INSERT INTO session_set VALUES ('5'+@sessionId,'255'+@setId); 
INSERT INTO `set` VALUES ('256'+@setId,'75','15','1'); 
INSERT INTO session_set VALUES ('5'+@sessionId,'256'+@setId); 
INSERT INTO `set` VALUES ('257'+@setId,'117','13','1'); 
INSERT INTO session_set VALUES ('5'+@sessionId,'257'+@setId); 
INSERT INTO `set` VALUES ('258'+@setId,'103','13','1'); 
INSERT INTO session_set VALUES ('5'+@sessionId,'258'+@setId); 
INSERT INTO `set` VALUES ('259'+@setId,'67','13','1'); 
INSERT INTO session_set VALUES ('5'+@sessionId,'259'+@setId); 
INSERT INTO `set` VALUES ('260'+@setId,'59','8','2'); 
INSERT INTO session_set VALUES ('5'+@sessionId,'260'+@setId); 
INSERT INTO `set` VALUES ('261'+@setId,'33','10','2'); 
INSERT INTO session_set VALUES ('5'+@sessionId,'261'+@setId); 
INSERT INTO `set` VALUES ('262'+@setId,'72','11','2'); 
INSERT INTO session_set VALUES ('5'+@sessionId,'262'+@setId); 
INSERT INTO `set` VALUES ('263'+@setId,'71','14','2'); 
INSERT INTO session_set VALUES ('5'+@sessionId,'263'+@setId); 
INSERT INTO `set` VALUES ('264'+@setId,'87','8','2'); 
INSERT INTO session_set VALUES ('5'+@sessionId,'264'+@setId); 
INSERT INTO `set` VALUES ('265'+@setId,'108','12','2'); 
INSERT INTO session_set VALUES ('5'+@sessionId,'265'+@setId); 
INSERT INTO `set` VALUES ('266'+@setId,'83','12','2'); 
INSERT INTO session_set VALUES ('5'+@sessionId,'266'+@setId); 
INSERT INTO `set` VALUES ('267'+@setId,'81','11','2'); 
INSERT INTO session_set VALUES ('5'+@sessionId,'267'+@setId); 
INSERT INTO `set` VALUES ('268'+@setId,'43','7','2'); 
INSERT INTO session_set VALUES ('5'+@sessionId,'268'+@setId); 
INSERT INTO `set` VALUES ('269'+@setId,'78','10','2'); 
INSERT INTO session_set VALUES ('5'+@sessionId,'269'+@setId); 
INSERT INTO `set` VALUES ('270'+@setId,'34','9','3'); 
INSERT INTO session_set VALUES ('5'+@sessionId,'270'+@setId); 
INSERT INTO `set` VALUES ('271'+@setId,'98','11','3'); 
INSERT INTO session_set VALUES ('5'+@sessionId,'271'+@setId); 
INSERT INTO `set` VALUES ('272'+@setId,'39','14','3'); 
INSERT INTO session_set VALUES ('5'+@sessionId,'272'+@setId); 
INSERT INTO `set` VALUES ('273'+@setId,'53','14','3'); 
INSERT INTO session_set VALUES ('5'+@sessionId,'273'+@setId); 
INSERT INTO `set` VALUES ('274'+@setId,'98','9','3'); 
INSERT INTO session_set VALUES ('5'+@sessionId,'274'+@setId); 
INSERT INTO `set` VALUES ('275'+@setId,'24','11','3'); 
INSERT INTO session_set VALUES ('5'+@sessionId,'275'+@setId); 
INSERT INTO `set` VALUES ('276'+@setId,'95','12','3'); 
INSERT INTO session_set VALUES ('5'+@sessionId,'276'+@setId); 
INSERT INTO `set` VALUES ('277'+@setId,'101','12','3'); 
INSERT INTO session_set VALUES ('5'+@sessionId,'277'+@setId); 
INSERT INTO `set` VALUES ('278'+@setId,'24','8','3'); 
INSERT INTO session_set VALUES ('5'+@sessionId,'278'+@setId); 
INSERT INTO `set` VALUES ('279'+@setId,'67','11','3'); 
INSERT INTO session_set VALUES ('5'+@sessionId,'279'+@setId); 
INSERT INTO `set` VALUES ('280'+@setId,'24','7','4'); 
INSERT INTO session_set VALUES ('5'+@sessionId,'280'+@setId); 
INSERT INTO `set` VALUES ('281'+@setId,'68','11','4'); 
INSERT INTO session_set VALUES ('5'+@sessionId,'281'+@setId); 
INSERT INTO `set` VALUES ('282'+@setId,'58','15','4'); 
INSERT INTO session_set VALUES ('5'+@sessionId,'282'+@setId); 
INSERT INTO `set` VALUES ('283'+@setId,'54','15','4'); 
INSERT INTO session_set VALUES ('5'+@sessionId,'283'+@setId); 
INSERT INTO `set` VALUES ('284'+@setId,'31','15','4'); 
INSERT INTO session_set VALUES ('5'+@sessionId,'284'+@setId); 
INSERT INTO `set` VALUES ('285'+@setId,'68','14','4'); 
INSERT INTO session_set VALUES ('5'+@sessionId,'285'+@setId); 
INSERT INTO `set` VALUES ('286'+@setId,'35','9','4'); 
INSERT INTO session_set VALUES ('5'+@sessionId,'286'+@setId); 
INSERT INTO `set` VALUES ('287'+@setId,'31','7','4'); 
INSERT INTO session_set VALUES ('5'+@sessionId,'287'+@setId); 
INSERT INTO `set` VALUES ('288'+@setId,'82','14','4'); 
INSERT INTO session_set VALUES ('5'+@sessionId,'288'+@setId); 
INSERT INTO `set` VALUES ('289'+@setId,'53','9','4'); 
INSERT INTO session_set VALUES ('5'+@sessionId,'289'+@setId); 
INSERT INTO `set` VALUES ('290'+@setId,'71','12','5'); 
INSERT INTO session_set VALUES ('5'+@sessionId,'290'+@setId); 
INSERT INTO `set` VALUES ('291'+@setId,'63','7','5'); 
INSERT INTO session_set VALUES ('5'+@sessionId,'291'+@setId); 
INSERT INTO `set` VALUES ('292'+@setId,'78','7','5'); 
INSERT INTO session_set VALUES ('5'+@sessionId,'292'+@setId); 
INSERT INTO `set` VALUES ('293'+@setId,'107','7','5'); 
INSERT INTO session_set VALUES ('5'+@sessionId,'293'+@setId); 
INSERT INTO `set` VALUES ('294'+@setId,'96','15','5'); 
INSERT INTO session_set VALUES ('5'+@sessionId,'294'+@setId); 
INSERT INTO `set` VALUES ('295'+@setId,'25','9','5'); 
INSERT INTO session_set VALUES ('5'+@sessionId,'295'+@setId); 
INSERT INTO `set` VALUES ('296'+@setId,'22','13','5'); 
INSERT INTO session_set VALUES ('5'+@sessionId,'296'+@setId); 
INSERT INTO `set` VALUES ('297'+@setId,'50','10','5'); 
INSERT INTO session_set VALUES ('5'+@sessionId,'297'+@setId); 
INSERT INTO `set` VALUES ('298'+@setId,'22','11','5'); 
INSERT INTO session_set VALUES ('5'+@sessionId,'298'+@setId); 
INSERT INTO `set` VALUES ('299'+@setId,'63','13','5'); 
INSERT INTO session_set VALUES ('5'+@sessionId,'299'+@setId); 
INSERT INTO session VALUES ('6'+@sessionId, '2018-11-02 10:34:39', '10'); 
INSERT INTO `set` VALUES ('300'+@setId,'69','8','1'); 
INSERT INTO session_set VALUES ('6'+@sessionId,'300'+@setId); 
INSERT INTO `set` VALUES ('301'+@setId,'42','9','1'); 
INSERT INTO session_set VALUES ('6'+@sessionId,'301'+@setId); 
INSERT INTO `set` VALUES ('302'+@setId,'26','15','1'); 
INSERT INTO session_set VALUES ('6'+@sessionId,'302'+@setId); 
INSERT INTO `set` VALUES ('303'+@setId,'73','13','1'); 
INSERT INTO session_set VALUES ('6'+@sessionId,'303'+@setId); 
INSERT INTO `set` VALUES ('304'+@setId,'75','12','1'); 
INSERT INTO session_set VALUES ('6'+@sessionId,'304'+@setId); 
INSERT INTO `set` VALUES ('305'+@setId,'85','15','1'); 
INSERT INTO session_set VALUES ('6'+@sessionId,'305'+@setId); 
INSERT INTO `set` VALUES ('306'+@setId,'40','13','1'); 
INSERT INTO session_set VALUES ('6'+@sessionId,'306'+@setId); 
INSERT INTO `set` VALUES ('307'+@setId,'85','13','1'); 
INSERT INTO session_set VALUES ('6'+@sessionId,'307'+@setId); 
INSERT INTO `set` VALUES ('308'+@setId,'32','14','1'); 
INSERT INTO session_set VALUES ('6'+@sessionId,'308'+@setId); 
INSERT INTO `set` VALUES ('309'+@setId,'60','9','1'); 
INSERT INTO session_set VALUES ('6'+@sessionId,'309'+@setId); 
INSERT INTO `set` VALUES ('310'+@setId,'29','7','2'); 
INSERT INTO session_set VALUES ('6'+@sessionId,'310'+@setId); 
INSERT INTO `set` VALUES ('311'+@setId,'42','9','2'); 
INSERT INTO session_set VALUES ('6'+@sessionId,'311'+@setId); 
INSERT INTO `set` VALUES ('312'+@setId,'100','13','2'); 
INSERT INTO session_set VALUES ('6'+@sessionId,'312'+@setId); 
INSERT INTO `set` VALUES ('313'+@setId,'50','13','2'); 
INSERT INTO session_set VALUES ('6'+@sessionId,'313'+@setId); 
INSERT INTO `set` VALUES ('314'+@setId,'102','13','2'); 
INSERT INTO session_set VALUES ('6'+@sessionId,'314'+@setId); 
INSERT INTO `set` VALUES ('315'+@setId,'105','11','2'); 
INSERT INTO session_set VALUES ('6'+@sessionId,'315'+@setId); 
INSERT INTO `set` VALUES ('316'+@setId,'107','14','2'); 
INSERT INTO session_set VALUES ('6'+@sessionId,'316'+@setId); 
INSERT INTO `set` VALUES ('317'+@setId,'39','7','2'); 
INSERT INTO session_set VALUES ('6'+@sessionId,'317'+@setId); 
INSERT INTO `set` VALUES ('318'+@setId,'115','7','2'); 
INSERT INTO session_set VALUES ('6'+@sessionId,'318'+@setId); 
INSERT INTO `set` VALUES ('319'+@setId,'25','11','2'); 
INSERT INTO session_set VALUES ('6'+@sessionId,'319'+@setId); 
INSERT INTO `set` VALUES ('320'+@setId,'85','14','3'); 
INSERT INTO session_set VALUES ('6'+@sessionId,'320'+@setId); 
INSERT INTO `set` VALUES ('321'+@setId,'61','8','3'); 
INSERT INTO session_set VALUES ('6'+@sessionId,'321'+@setId); 
INSERT INTO `set` VALUES ('322'+@setId,'87','14','3'); 
INSERT INTO session_set VALUES ('6'+@sessionId,'322'+@setId); 
INSERT INTO `set` VALUES ('323'+@setId,'70','9','3'); 
INSERT INTO session_set VALUES ('6'+@sessionId,'323'+@setId); 
INSERT INTO `set` VALUES ('324'+@setId,'96','8','3'); 
INSERT INTO session_set VALUES ('6'+@sessionId,'324'+@setId); 
INSERT INTO `set` VALUES ('325'+@setId,'64','10','3'); 
INSERT INTO session_set VALUES ('6'+@sessionId,'325'+@setId); 
INSERT INTO `set` VALUES ('326'+@setId,'58','12','3'); 
INSERT INTO session_set VALUES ('6'+@sessionId,'326'+@setId); 
INSERT INTO `set` VALUES ('327'+@setId,'33','8','3'); 
INSERT INTO session_set VALUES ('6'+@sessionId,'327'+@setId); 
INSERT INTO `set` VALUES ('328'+@setId,'32','7','3'); 
INSERT INTO session_set VALUES ('6'+@sessionId,'328'+@setId); 
INSERT INTO `set` VALUES ('329'+@setId,'30','10','3'); 
INSERT INTO session_set VALUES ('6'+@sessionId,'329'+@setId); 
INSERT INTO `set` VALUES ('330'+@setId,'61','8','4'); 
INSERT INTO session_set VALUES ('6'+@sessionId,'330'+@setId); 
INSERT INTO `set` VALUES ('331'+@setId,'101','14','4'); 
INSERT INTO session_set VALUES ('6'+@sessionId,'331'+@setId); 
INSERT INTO `set` VALUES ('332'+@setId,'27','6','4'); 
INSERT INTO session_set VALUES ('6'+@sessionId,'332'+@setId); 
INSERT INTO `set` VALUES ('333'+@setId,'105','14','4'); 
INSERT INTO session_set VALUES ('6'+@sessionId,'333'+@setId); 
INSERT INTO `set` VALUES ('334'+@setId,'78','6','4'); 
INSERT INTO session_set VALUES ('6'+@sessionId,'334'+@setId); 
INSERT INTO `set` VALUES ('335'+@setId,'110','10','4'); 
INSERT INTO session_set VALUES ('6'+@sessionId,'335'+@setId); 
INSERT INTO `set` VALUES ('336'+@setId,'49','12','4'); 
INSERT INTO session_set VALUES ('6'+@sessionId,'336'+@setId); 
INSERT INTO `set` VALUES ('337'+@setId,'72','11','4'); 
INSERT INTO session_set VALUES ('6'+@sessionId,'337'+@setId); 
INSERT INTO `set` VALUES ('338'+@setId,'116','14','4'); 
INSERT INTO session_set VALUES ('6'+@sessionId,'338'+@setId); 
INSERT INTO `set` VALUES ('339'+@setId,'30','9','4'); 
INSERT INTO session_set VALUES ('6'+@sessionId,'339'+@setId); 
INSERT INTO `set` VALUES ('340'+@setId,'48','10','5'); 
INSERT INTO session_set VALUES ('6'+@sessionId,'340'+@setId); 
INSERT INTO `set` VALUES ('341'+@setId,'116','6','5'); 
INSERT INTO session_set VALUES ('6'+@sessionId,'341'+@setId); 
INSERT INTO `set` VALUES ('342'+@setId,'28','9','5'); 
INSERT INTO session_set VALUES ('6'+@sessionId,'342'+@setId); 
INSERT INTO `set` VALUES ('343'+@setId,'63','7','5'); 
INSERT INTO session_set VALUES ('6'+@sessionId,'343'+@setId); 
INSERT INTO `set` VALUES ('344'+@setId,'117','12','5'); 
INSERT INTO session_set VALUES ('6'+@sessionId,'344'+@setId); 
INSERT INTO `set` VALUES ('345'+@setId,'23','6','5'); 
INSERT INTO session_set VALUES ('6'+@sessionId,'345'+@setId); 
INSERT INTO `set` VALUES ('346'+@setId,'61','11','5'); 
INSERT INTO session_set VALUES ('6'+@sessionId,'346'+@setId); 
INSERT INTO `set` VALUES ('347'+@setId,'65','13','5'); 
INSERT INTO session_set VALUES ('6'+@sessionId,'347'+@setId); 
INSERT INTO `set` VALUES ('348'+@setId,'63','14','5'); 
INSERT INTO session_set VALUES ('6'+@sessionId,'348'+@setId); 
INSERT INTO `set` VALUES ('349'+@setId,'95','10','5'); 
INSERT INTO session_set VALUES ('6'+@sessionId,'349'+@setId); 
INSERT INTO session VALUES ('7'+@sessionId, '2018-11-03 10:34:39', '10'); 
INSERT INTO `set` VALUES ('350'+@setId,'66','14','1'); 
INSERT INTO session_set VALUES ('7'+@sessionId,'350'+@setId); 
INSERT INTO `set` VALUES ('351'+@setId,'86','10','1'); 
INSERT INTO session_set VALUES ('7'+@sessionId,'351'+@setId); 
INSERT INTO `set` VALUES ('352'+@setId,'72','8','1'); 
INSERT INTO session_set VALUES ('7'+@sessionId,'352'+@setId); 
INSERT INTO `set` VALUES ('353'+@setId,'57','14','1'); 
INSERT INTO session_set VALUES ('7'+@sessionId,'353'+@setId); 
INSERT INTO `set` VALUES ('354'+@setId,'93','14','1'); 
INSERT INTO session_set VALUES ('7'+@sessionId,'354'+@setId); 
INSERT INTO `set` VALUES ('355'+@setId,'35','8','1'); 
INSERT INTO session_set VALUES ('7'+@sessionId,'355'+@setId); 
INSERT INTO `set` VALUES ('356'+@setId,'53','13','1'); 
INSERT INTO session_set VALUES ('7'+@sessionId,'356'+@setId); 
INSERT INTO `set` VALUES ('357'+@setId,'119','12','1'); 
INSERT INTO session_set VALUES ('7'+@sessionId,'357'+@setId); 
INSERT INTO `set` VALUES ('358'+@setId,'104','9','1'); 
INSERT INTO session_set VALUES ('7'+@sessionId,'358'+@setId); 
INSERT INTO `set` VALUES ('359'+@setId,'112','10','1'); 
INSERT INTO session_set VALUES ('7'+@sessionId,'359'+@setId); 
INSERT INTO `set` VALUES ('360'+@setId,'59','14','2'); 
INSERT INTO session_set VALUES ('7'+@sessionId,'360'+@setId); 
INSERT INTO `set` VALUES ('361'+@setId,'31','8','2'); 
INSERT INTO session_set VALUES ('7'+@sessionId,'361'+@setId); 
INSERT INTO `set` VALUES ('362'+@setId,'65','11','2'); 
INSERT INTO session_set VALUES ('7'+@sessionId,'362'+@setId); 
INSERT INTO `set` VALUES ('363'+@setId,'39','9','2'); 
INSERT INTO session_set VALUES ('7'+@sessionId,'363'+@setId); 
INSERT INTO `set` VALUES ('364'+@setId,'28','11','2'); 
INSERT INTO session_set VALUES ('7'+@sessionId,'364'+@setId); 
INSERT INTO `set` VALUES ('365'+@setId,'61','12','2'); 
INSERT INTO session_set VALUES ('7'+@sessionId,'365'+@setId); 
INSERT INTO `set` VALUES ('366'+@setId,'84','11','2'); 
INSERT INTO session_set VALUES ('7'+@sessionId,'366'+@setId); 
INSERT INTO `set` VALUES ('367'+@setId,'21','8','2'); 
INSERT INTO session_set VALUES ('7'+@sessionId,'367'+@setId); 
INSERT INTO `set` VALUES ('368'+@setId,'59','14','2'); 
INSERT INTO session_set VALUES ('7'+@sessionId,'368'+@setId); 
INSERT INTO `set` VALUES ('369'+@setId,'105','12','2'); 
INSERT INTO session_set VALUES ('7'+@sessionId,'369'+@setId); 
INSERT INTO `set` VALUES ('370'+@setId,'100','8','3'); 
INSERT INTO session_set VALUES ('7'+@sessionId,'370'+@setId); 
INSERT INTO `set` VALUES ('371'+@setId,'108','11','3'); 
INSERT INTO session_set VALUES ('7'+@sessionId,'371'+@setId); 
INSERT INTO `set` VALUES ('372'+@setId,'112','12','3'); 
INSERT INTO session_set VALUES ('7'+@sessionId,'372'+@setId); 
INSERT INTO `set` VALUES ('373'+@setId,'38','9','3'); 
INSERT INTO session_set VALUES ('7'+@sessionId,'373'+@setId); 
INSERT INTO `set` VALUES ('374'+@setId,'98','13','3'); 
INSERT INTO session_set VALUES ('7'+@sessionId,'374'+@setId); 
INSERT INTO `set` VALUES ('375'+@setId,'20','7','3'); 
INSERT INTO session_set VALUES ('7'+@sessionId,'375'+@setId); 
INSERT INTO `set` VALUES ('376'+@setId,'68','6','3'); 
INSERT INTO session_set VALUES ('7'+@sessionId,'376'+@setId); 
INSERT INTO `set` VALUES ('377'+@setId,'64','14','3'); 
INSERT INTO session_set VALUES ('7'+@sessionId,'377'+@setId); 
INSERT INTO `set` VALUES ('378'+@setId,'49','8','3'); 
INSERT INTO session_set VALUES ('7'+@sessionId,'378'+@setId); 
INSERT INTO `set` VALUES ('379'+@setId,'102','7','3'); 
INSERT INTO session_set VALUES ('7'+@sessionId,'379'+@setId); 
INSERT INTO `set` VALUES ('380'+@setId,'84','7','4'); 
INSERT INTO session_set VALUES ('7'+@sessionId,'380'+@setId); 
INSERT INTO `set` VALUES ('381'+@setId,'96','14','4'); 
INSERT INTO session_set VALUES ('7'+@sessionId,'381'+@setId); 
INSERT INTO `set` VALUES ('382'+@setId,'107','6','4'); 
INSERT INTO session_set VALUES ('7'+@sessionId,'382'+@setId); 
INSERT INTO `set` VALUES ('383'+@setId,'29','11','4'); 
INSERT INTO session_set VALUES ('7'+@sessionId,'383'+@setId); 
INSERT INTO `set` VALUES ('384'+@setId,'81','6','4'); 
INSERT INTO session_set VALUES ('7'+@sessionId,'384'+@setId); 
INSERT INTO `set` VALUES ('385'+@setId,'115','7','4'); 
INSERT INTO session_set VALUES ('7'+@sessionId,'385'+@setId); 
INSERT INTO `set` VALUES ('386'+@setId,'76','7','4'); 
INSERT INTO session_set VALUES ('7'+@sessionId,'386'+@setId); 
INSERT INTO `set` VALUES ('387'+@setId,'28','12','4'); 
INSERT INTO session_set VALUES ('7'+@sessionId,'387'+@setId); 
INSERT INTO `set` VALUES ('388'+@setId,'55','14','4'); 
INSERT INTO session_set VALUES ('7'+@sessionId,'388'+@setId); 
INSERT INTO `set` VALUES ('389'+@setId,'77','10','4'); 
INSERT INTO session_set VALUES ('7'+@sessionId,'389'+@setId); 
INSERT INTO `set` VALUES ('390'+@setId,'40','7','5'); 
INSERT INTO session_set VALUES ('7'+@sessionId,'390'+@setId); 
INSERT INTO `set` VALUES ('391'+@setId,'93','10','5'); 
INSERT INTO session_set VALUES ('7'+@sessionId,'391'+@setId); 
INSERT INTO `set` VALUES ('392'+@setId,'86','15','5'); 
INSERT INTO session_set VALUES ('7'+@sessionId,'392'+@setId); 
INSERT INTO `set` VALUES ('393'+@setId,'27','10','5'); 
INSERT INTO session_set VALUES ('7'+@sessionId,'393'+@setId); 
INSERT INTO `set` VALUES ('394'+@setId,'102','13','5'); 
INSERT INTO session_set VALUES ('7'+@sessionId,'394'+@setId); 
INSERT INTO `set` VALUES ('395'+@setId,'77','13','5'); 
INSERT INTO session_set VALUES ('7'+@sessionId,'395'+@setId); 
INSERT INTO `set` VALUES ('396'+@setId,'105','8','5'); 
INSERT INTO session_set VALUES ('7'+@sessionId,'396'+@setId); 
INSERT INTO `set` VALUES ('397'+@setId,'80','13','5'); 
INSERT INTO session_set VALUES ('7'+@sessionId,'397'+@setId); 
INSERT INTO `set` VALUES ('398'+@setId,'102','15','5'); 
INSERT INTO session_set VALUES ('7'+@sessionId,'398'+@setId); 
INSERT INTO `set` VALUES ('399'+@setId,'101','14','5'); 
INSERT INTO session_set VALUES ('7'+@sessionId,'399'+@setId); 
INSERT INTO session VALUES ('8'+@sessionId, '2018-11-04 10:34:39', '10'); 
INSERT INTO `set` VALUES ('400'+@setId,'41','9','1'); 
INSERT INTO session_set VALUES ('8'+@sessionId,'400'+@setId); 
INSERT INTO `set` VALUES ('401'+@setId,'37','7','1'); 
INSERT INTO session_set VALUES ('8'+@sessionId,'401'+@setId); 
INSERT INTO `set` VALUES ('402'+@setId,'34','12','1'); 
INSERT INTO session_set VALUES ('8'+@sessionId,'402'+@setId); 
INSERT INTO `set` VALUES ('403'+@setId,'63','14','1'); 
INSERT INTO session_set VALUES ('8'+@sessionId,'403'+@setId); 
INSERT INTO `set` VALUES ('404'+@setId,'96','14','1'); 
INSERT INTO session_set VALUES ('8'+@sessionId,'404'+@setId); 
INSERT INTO `set` VALUES ('405'+@setId,'107','12','1'); 
INSERT INTO session_set VALUES ('8'+@sessionId,'405'+@setId); 
INSERT INTO `set` VALUES ('406'+@setId,'78','14','1'); 
INSERT INTO session_set VALUES ('8'+@sessionId,'406'+@setId); 
INSERT INTO `set` VALUES ('407'+@setId,'113','12','1'); 
INSERT INTO session_set VALUES ('8'+@sessionId,'407'+@setId); 
INSERT INTO `set` VALUES ('408'+@setId,'31','8','1'); 
INSERT INTO session_set VALUES ('8'+@sessionId,'408'+@setId); 
INSERT INTO `set` VALUES ('409'+@setId,'59','13','1'); 
INSERT INTO session_set VALUES ('8'+@sessionId,'409'+@setId); 
INSERT INTO `set` VALUES ('410'+@setId,'71','10','2'); 
INSERT INTO session_set VALUES ('8'+@sessionId,'410'+@setId); 
INSERT INTO `set` VALUES ('411'+@setId,'43','9','2'); 
INSERT INTO session_set VALUES ('8'+@sessionId,'411'+@setId); 
INSERT INTO `set` VALUES ('412'+@setId,'74','14','2'); 
INSERT INTO session_set VALUES ('8'+@sessionId,'412'+@setId); 
INSERT INTO `set` VALUES ('413'+@setId,'50','13','2'); 
INSERT INTO session_set VALUES ('8'+@sessionId,'413'+@setId); 
INSERT INTO `set` VALUES ('414'+@setId,'26','14','2'); 
INSERT INTO session_set VALUES ('8'+@sessionId,'414'+@setId); 
INSERT INTO `set` VALUES ('415'+@setId,'117','7','2'); 
INSERT INTO session_set VALUES ('8'+@sessionId,'415'+@setId); 
INSERT INTO `set` VALUES ('416'+@setId,'81','11','2'); 
INSERT INTO session_set VALUES ('8'+@sessionId,'416'+@setId); 
INSERT INTO `set` VALUES ('417'+@setId,'113','8','2'); 
INSERT INTO session_set VALUES ('8'+@sessionId,'417'+@setId); 
INSERT INTO `set` VALUES ('418'+@setId,'44','6','2'); 
INSERT INTO session_set VALUES ('8'+@sessionId,'418'+@setId); 
INSERT INTO `set` VALUES ('419'+@setId,'103','6','2'); 
INSERT INTO session_set VALUES ('8'+@sessionId,'419'+@setId); 
INSERT INTO `set` VALUES ('420'+@setId,'117','14','3'); 
INSERT INTO session_set VALUES ('8'+@sessionId,'420'+@setId); 
INSERT INTO `set` VALUES ('421'+@setId,'21','8','3'); 
INSERT INTO session_set VALUES ('8'+@sessionId,'421'+@setId); 
INSERT INTO `set` VALUES ('422'+@setId,'110','7','3'); 
INSERT INTO session_set VALUES ('8'+@sessionId,'422'+@setId); 
INSERT INTO `set` VALUES ('423'+@setId,'85','13','3'); 
INSERT INTO session_set VALUES ('8'+@sessionId,'423'+@setId); 
INSERT INTO `set` VALUES ('424'+@setId,'98','7','3'); 
INSERT INTO session_set VALUES ('8'+@sessionId,'424'+@setId); 
INSERT INTO `set` VALUES ('425'+@setId,'104','9','3'); 
INSERT INTO session_set VALUES ('8'+@sessionId,'425'+@setId); 
INSERT INTO `set` VALUES ('426'+@setId,'63','6','3'); 
INSERT INTO session_set VALUES ('8'+@sessionId,'426'+@setId); 
INSERT INTO `set` VALUES ('427'+@setId,'101','9','3'); 
INSERT INTO session_set VALUES ('8'+@sessionId,'427'+@setId); 
INSERT INTO `set` VALUES ('428'+@setId,'109','15','3'); 
INSERT INTO session_set VALUES ('8'+@sessionId,'428'+@setId); 
INSERT INTO `set` VALUES ('429'+@setId,'30','9','3'); 
INSERT INTO session_set VALUES ('8'+@sessionId,'429'+@setId); 
INSERT INTO `set` VALUES ('430'+@setId,'73','10','4'); 
INSERT INTO session_set VALUES ('8'+@sessionId,'430'+@setId); 
INSERT INTO `set` VALUES ('431'+@setId,'93','11','4'); 
INSERT INTO session_set VALUES ('8'+@sessionId,'431'+@setId); 
INSERT INTO `set` VALUES ('432'+@setId,'85','12','4'); 
INSERT INTO session_set VALUES ('8'+@sessionId,'432'+@setId); 
INSERT INTO `set` VALUES ('433'+@setId,'44','9','4'); 
INSERT INTO session_set VALUES ('8'+@sessionId,'433'+@setId); 
INSERT INTO `set` VALUES ('434'+@setId,'95','9','4'); 
INSERT INTO session_set VALUES ('8'+@sessionId,'434'+@setId); 
INSERT INTO `set` VALUES ('435'+@setId,'118','14','4'); 
INSERT INTO session_set VALUES ('8'+@sessionId,'435'+@setId); 
INSERT INTO `set` VALUES ('436'+@setId,'114','6','4'); 
INSERT INTO session_set VALUES ('8'+@sessionId,'436'+@setId); 
INSERT INTO `set` VALUES ('437'+@setId,'68','11','4'); 
INSERT INTO session_set VALUES ('8'+@sessionId,'437'+@setId); 
INSERT INTO `set` VALUES ('438'+@setId,'48','8','4'); 
INSERT INTO session_set VALUES ('8'+@sessionId,'438'+@setId); 
INSERT INTO `set` VALUES ('439'+@setId,'112','6','4'); 
INSERT INTO session_set VALUES ('8'+@sessionId,'439'+@setId); 
INSERT INTO `set` VALUES ('440'+@setId,'26','14','5'); 
INSERT INTO session_set VALUES ('8'+@sessionId,'440'+@setId); 
INSERT INTO `set` VALUES ('441'+@setId,'25','7','5'); 
INSERT INTO session_set VALUES ('8'+@sessionId,'441'+@setId); 
INSERT INTO `set` VALUES ('442'+@setId,'48','12','5'); 
INSERT INTO session_set VALUES ('8'+@sessionId,'442'+@setId); 
INSERT INTO `set` VALUES ('443'+@setId,'28','15','5'); 
INSERT INTO session_set VALUES ('8'+@sessionId,'443'+@setId); 
INSERT INTO `set` VALUES ('444'+@setId,'63','8','5'); 
INSERT INTO session_set VALUES ('8'+@sessionId,'444'+@setId); 
INSERT INTO `set` VALUES ('445'+@setId,'38','6','5'); 
INSERT INTO session_set VALUES ('8'+@sessionId,'445'+@setId); 
INSERT INTO `set` VALUES ('446'+@setId,'117','15','5'); 
INSERT INTO session_set VALUES ('8'+@sessionId,'446'+@setId); 
INSERT INTO `set` VALUES ('447'+@setId,'48','10','5'); 
INSERT INTO session_set VALUES ('8'+@sessionId,'447'+@setId); 
INSERT INTO `set` VALUES ('448'+@setId,'73','9','5'); 
INSERT INTO session_set VALUES ('8'+@sessionId,'448'+@setId); 
INSERT INTO `set` VALUES ('449'+@setId,'73','9','5'); 
INSERT INTO session_set VALUES ('8'+@sessionId,'449'+@setId); 
INSERT INTO session VALUES ('9'+@sessionId, '2018-11-05 10:34:39', '10'); 
INSERT INTO `set` VALUES ('450'+@setId,'66','11','1'); 
INSERT INTO session_set VALUES ('9'+@sessionId,'450'+@setId); 
INSERT INTO `set` VALUES ('451'+@setId,'61','9','1'); 
INSERT INTO session_set VALUES ('9'+@sessionId,'451'+@setId); 
INSERT INTO `set` VALUES ('452'+@setId,'59','15','1'); 
INSERT INTO session_set VALUES ('9'+@sessionId,'452'+@setId); 
INSERT INTO `set` VALUES ('453'+@setId,'29','14','1'); 
INSERT INTO session_set VALUES ('9'+@sessionId,'453'+@setId); 
INSERT INTO `set` VALUES ('454'+@setId,'106','14','1'); 
INSERT INTO session_set VALUES ('9'+@sessionId,'454'+@setId); 
INSERT INTO `set` VALUES ('455'+@setId,'82','11','1'); 
INSERT INTO session_set VALUES ('9'+@sessionId,'455'+@setId); 
INSERT INTO `set` VALUES ('456'+@setId,'61','14','1'); 
INSERT INTO session_set VALUES ('9'+@sessionId,'456'+@setId); 
INSERT INTO `set` VALUES ('457'+@setId,'55','8','1'); 
INSERT INTO session_set VALUES ('9'+@sessionId,'457'+@setId); 
INSERT INTO `set` VALUES ('458'+@setId,'74','9','1'); 
INSERT INTO session_set VALUES ('9'+@sessionId,'458'+@setId); 
INSERT INTO `set` VALUES ('459'+@setId,'55','6','1'); 
INSERT INTO session_set VALUES ('9'+@sessionId,'459'+@setId); 
INSERT INTO `set` VALUES ('460'+@setId,'47','13','2'); 
INSERT INTO session_set VALUES ('9'+@sessionId,'460'+@setId); 
INSERT INTO `set` VALUES ('461'+@setId,'110','15','2'); 
INSERT INTO session_set VALUES ('9'+@sessionId,'461'+@setId); 
INSERT INTO `set` VALUES ('462'+@setId,'87','13','2'); 
INSERT INTO session_set VALUES ('9'+@sessionId,'462'+@setId); 
INSERT INTO `set` VALUES ('463'+@setId,'25','6','2'); 
INSERT INTO session_set VALUES ('9'+@sessionId,'463'+@setId); 
INSERT INTO `set` VALUES ('464'+@setId,'48','11','2'); 
INSERT INTO session_set VALUES ('9'+@sessionId,'464'+@setId); 
INSERT INTO `set` VALUES ('465'+@setId,'90','7','2'); 
INSERT INTO session_set VALUES ('9'+@sessionId,'465'+@setId); 
INSERT INTO `set` VALUES ('466'+@setId,'69','15','2'); 
INSERT INTO session_set VALUES ('9'+@sessionId,'466'+@setId); 
INSERT INTO `set` VALUES ('467'+@setId,'56','9','2'); 
INSERT INTO session_set VALUES ('9'+@sessionId,'467'+@setId); 
INSERT INTO `set` VALUES ('468'+@setId,'91','13','2'); 
INSERT INTO session_set VALUES ('9'+@sessionId,'468'+@setId); 
INSERT INTO `set` VALUES ('469'+@setId,'48','7','2'); 
INSERT INTO session_set VALUES ('9'+@sessionId,'469'+@setId); 
INSERT INTO `set` VALUES ('470'+@setId,'104','10','3'); 
INSERT INTO session_set VALUES ('9'+@sessionId,'470'+@setId); 
INSERT INTO `set` VALUES ('471'+@setId,'59','8','3'); 
INSERT INTO session_set VALUES ('9'+@sessionId,'471'+@setId); 
INSERT INTO `set` VALUES ('472'+@setId,'60','14','3'); 
INSERT INTO session_set VALUES ('9'+@sessionId,'472'+@setId); 
INSERT INTO `set` VALUES ('473'+@setId,'68','9','3'); 
INSERT INTO session_set VALUES ('9'+@sessionId,'473'+@setId); 
INSERT INTO `set` VALUES ('474'+@setId,'24','12','3'); 
INSERT INTO session_set VALUES ('9'+@sessionId,'474'+@setId); 
INSERT INTO `set` VALUES ('475'+@setId,'103','14','3'); 
INSERT INTO session_set VALUES ('9'+@sessionId,'475'+@setId); 
INSERT INTO `set` VALUES ('476'+@setId,'21','10','3'); 
INSERT INTO session_set VALUES ('9'+@sessionId,'476'+@setId); 
INSERT INTO `set` VALUES ('477'+@setId,'47','14','3'); 
INSERT INTO session_set VALUES ('9'+@sessionId,'477'+@setId); 
INSERT INTO `set` VALUES ('478'+@setId,'60','10','3'); 
INSERT INTO session_set VALUES ('9'+@sessionId,'478'+@setId); 
INSERT INTO `set` VALUES ('479'+@setId,'45','12','3'); 
INSERT INTO session_set VALUES ('9'+@sessionId,'479'+@setId); 
INSERT INTO `set` VALUES ('480'+@setId,'96','9','4'); 
INSERT INTO session_set VALUES ('9'+@sessionId,'480'+@setId); 
INSERT INTO `set` VALUES ('481'+@setId,'78','11','4'); 
INSERT INTO session_set VALUES ('9'+@sessionId,'481'+@setId); 
INSERT INTO `set` VALUES ('482'+@setId,'106','13','4'); 
INSERT INTO session_set VALUES ('9'+@sessionId,'482'+@setId); 
INSERT INTO `set` VALUES ('483'+@setId,'56','13','4'); 
INSERT INTO session_set VALUES ('9'+@sessionId,'483'+@setId); 
INSERT INTO `set` VALUES ('484'+@setId,'112','6','4'); 
INSERT INTO session_set VALUES ('9'+@sessionId,'484'+@setId); 
INSERT INTO `set` VALUES ('485'+@setId,'88','12','4'); 
INSERT INTO session_set VALUES ('9'+@sessionId,'485'+@setId); 
INSERT INTO `set` VALUES ('486'+@setId,'96','10','4'); 
INSERT INTO session_set VALUES ('9'+@sessionId,'486'+@setId); 
INSERT INTO `set` VALUES ('487'+@setId,'107','14','4'); 
INSERT INTO session_set VALUES ('9'+@sessionId,'487'+@setId); 
INSERT INTO `set` VALUES ('488'+@setId,'80','6','4'); 
INSERT INTO session_set VALUES ('9'+@sessionId,'488'+@setId); 
INSERT INTO `set` VALUES ('489'+@setId,'52','6','4'); 
INSERT INTO session_set VALUES ('9'+@sessionId,'489'+@setId); 
INSERT INTO `set` VALUES ('490'+@setId,'79','9','5'); 
INSERT INTO session_set VALUES ('9'+@sessionId,'490'+@setId); 
INSERT INTO `set` VALUES ('491'+@setId,'69','9','5'); 
INSERT INTO session_set VALUES ('9'+@sessionId,'491'+@setId); 
INSERT INTO `set` VALUES ('492'+@setId,'48','9','5'); 
INSERT INTO session_set VALUES ('9'+@sessionId,'492'+@setId); 
INSERT INTO `set` VALUES ('493'+@setId,'109','8','5'); 
INSERT INTO session_set VALUES ('9'+@sessionId,'493'+@setId); 
INSERT INTO `set` VALUES ('494'+@setId,'30','12','5'); 
INSERT INTO session_set VALUES ('9'+@sessionId,'494'+@setId); 
INSERT INTO `set` VALUES ('495'+@setId,'54','14','5'); 
INSERT INTO session_set VALUES ('9'+@sessionId,'495'+@setId); 
INSERT INTO `set` VALUES ('496'+@setId,'107','6','5'); 
INSERT INTO session_set VALUES ('9'+@sessionId,'496'+@setId); 
INSERT INTO `set` VALUES ('497'+@setId,'89','15','5'); 
INSERT INTO session_set VALUES ('9'+@sessionId,'497'+@setId); 
INSERT INTO `set` VALUES ('498'+@setId,'82','8','5'); 
INSERT INTO session_set VALUES ('9'+@sessionId,'498'+@setId); 
INSERT INTO `set` VALUES ('499'+@setId,'119','12','5'); 
INSERT INTO session_set VALUES ('9'+@sessionId,'499'+@setId); 
